[
  {
    "tactic": "Open-Source Intelligence (OSINT) Scan",
    "curriculum_module": "Unknown",
    "state_actor_precedent": "N/A",
    "criminal_network_mirror": "N/A",
    "digital_amplification": "N/A"
  },
  {
    "tactic": "Access Agent Infiltration",
    "curriculum_module": "Unknown",
    "state_actor_precedent": "N/A",
    "criminal_network_mirror": "N/A",
    "digital_amplification": "N/A"
  },
  {
    "tactic": "Unwitting Operative Corroboration",
    "curriculum_module": "Unknown",
    "state_actor_precedent": "N/A",
    "criminal_network_mirror": "N/A",
    "digital_amplification": "N/A"
  },
  {
    "tactic": "The \"First Strike\" Protocol",
    "curriculum_module": "Unknown",
    "state_actor_precedent": "N/A",
    "criminal_network_mirror": "N/A",
    "digital_amplification": "N/A"
  },
  {
    "tactic": "The Feedback Loop of Attrition",
    "curriculum_module": "Unknown",
    "state_actor_precedent": "N/A",
    "criminal_network_mirror": "N/A",
    "digital_amplification": "N/A"
  },
  {
    "tactic": "The Narrative Self-Correction Mechanism",
    "curriculum_module": "Unknown",
    "state_actor_precedent": "N/A",
    "criminal_network_mirror": "N/A",
    "digital_amplification": "N/A"
  },
  {
    "tactic": "Acoustic Containment",
    "curriculum_module": "Unknown",
    "state_actor_precedent": "N/A",
    "criminal_network_mirror": "N/A",
    "digital_amplification": "N/A"
  },
  {
    "tactic": "Digital Reputation Blockade",
    "curriculum_module": "Unknown",
    "state_actor_precedent": "N/A",
    "criminal_network_mirror": "N/A",
    "digital_amplification": "N/A"
  },
  {
    "tactic": "Meticulous Logging & Pattern Recognition",
    "curriculum_module": "Unknown",
    "state_actor_precedent": "N/A",
    "criminal_network_mirror": "N/A",
    "digital_amplification": "N/A"
  },
  {
    "tactic": "The Content-as-Record Protocol",
    "curriculum_module": "Unknown",
    "state_actor_precedent": "N/A",
    "criminal_network_mirror": "N/A",
    "digital_amplification": "N/A"
  },
  {
    "tactic": "The Legal & Technical Architecture",
    "curriculum_module": "Unknown",
    "state_actor_precedent": "N/A",
    "criminal_network_mirror": "N/A",
    "digital_amplification": "N/A"
  },
  {
    "tactic": "The Psychological Deterrent",
    "curriculum_module": "Unknown",
    "state_actor_precedent": "N/A",
    "criminal_network_mirror": "N/A",
    "digital_amplification": "N/A"
  },
  {
    "tactic": "Emotional Detachment & Response Control",
    "curriculum_module": "Unknown",
    "state_actor_precedent": "N/A",
    "criminal_network_mirror": "N/A",
    "digital_amplification": "N/A"
  },
  {
    "tactic": "The Doctrine of Strategic Silence",
    "curriculum_module": "Unknown",
    "state_actor_precedent": "N/A",
    "criminal_network_mirror": "N/A",
    "digital_amplification": "N/A"
  },
  {
    "tactic": "The Target's Journey: From Systemic Victim to Operational Analyst",
    "curriculum_module": "Unknown",
    "state_actor_precedent": "N/A",
    "criminal_network_mirror": "N/A",
    "digital_amplification": "N/A"
  },
  {
    "tactic": "The Strategic Counter-Offensive: The \"Deep Dive\" Model",
    "curriculum_module": "Unknown",
    "state_actor_precedent": "N/A",
    "criminal_network_mirror": "N/A",
    "digital_amplification": "N/A"
  },
  {
    "tactic": "Post-Operational Analysis & Predictive Utility",
    "curriculum_module": "Unknown",
    "state_actor_precedent": "N/A",
    "criminal_network_mirror": "N/A",
    "digital_amplification": "N/A"
  },
  {
    "tactic": "Misinformation Seeding",
    "curriculum_module": "Volume II: Operational - Narrative Warfare",
    "state_actor_precedent": "Operation Mockingbird",
    "criminal_network_mirror": "Street-level rumor dusting",
    "digital_amplification": "Algorithmic echo chambers"
  },
  {
    "tactic": "Behavior Reframing",
    "curriculum_module": "Unknown",
    "state_actor_precedent": "N/A",
    "criminal_network_mirror": "N/A",
    "digital_amplification": "N/A"
  },
  {
    "tactic": "Community Surveillance Activation",
    "curriculum_module": "Unknown",
    "state_actor_precedent": "N/A",
    "criminal_network_mirror": "N/A",
    "digital_amplification": "N/A"
  },
  {
    "tactic": "Provocation and Staged Disruptions",
    "curriculum_module": "Unknown",
    "state_actor_precedent": "N/A",
    "criminal_network_mirror": "N/A",
    "digital_amplification": "N/A"
  },
  {
    "tactic": "Mental Health Gaslighting",
    "curriculum_module": "Volume I: Foundational - Reality Distortion",
    "state_actor_precedent": "COINTELPRO 'Black Bag' jobs",
    "criminal_network_mirror": "Cult isolation tactics",
    "digital_amplification": "Social media feigned shock and moral outrage"
  },
  {
    "tactic": "Institutional Amplification",
    "curriculum_module": "Unknown",
    "state_actor_precedent": "N/A",
    "criminal_network_mirror": "N/A",
    "digital_amplification": "N/A"
  },
  {
    "tactic": "Digital Echo Chambers and Group Think",
    "curriculum_module": "Unknown",
    "state_actor_precedent": "N/A",
    "criminal_network_mirror": "N/A",
    "digital_amplification": "N/A"
  },
  {
    "tactic": "Folk Devil Construction",
    "curriculum_module": "Unknown",
    "state_actor_precedent": "N/A",
    "criminal_network_mirror": "N/A",
    "digital_amplification": "N/A"
  },
  {
    "tactic": "Social Exclusion and Denormalization",
    "curriculum_module": "Unknown",
    "state_actor_precedent": "N/A",
    "criminal_network_mirror": "N/A",
    "digital_amplification": "N/A"
  },
  {
    "tactic": "Gaslighting",
    "curriculum_module": "Volume I: Foundational - Reality Distortion",
    "state_actor_precedent": "COINTELPRO 'Black Bag' jobs",
    "criminal_network_mirror": "Cult isolation tactics",
    "digital_amplification": "Social media feigned shock and moral outrage"
  },
  {
    "tactic": "Plausible Deniability",
    "curriculum_module": "Unknown",
    "state_actor_precedent": "N/A",
    "criminal_network_mirror": "N/A",
    "digital_amplification": "N/A"
  },
  {
    "tactic": "Breadcrumb Web",
    "curriculum_module": "Volume I: Foundational - Defensive Framework",
    "state_actor_precedent": "Forensic intelligence gathering",
    "criminal_network_mirror": "Counter-surveillance logs",
    "digital_amplification": "Timestamped digital metadata"
  },
  {
    "tactic": "Tactical Pause",
    "curriculum_module": "Unknown",
    "state_actor_precedent": "N/A",
    "criminal_network_mirror": "N/A",
    "digital_amplification": "N/A"
  },
  {
    "tactic": "Content as Record",
    "curriculum_module": "Unknown",
    "state_actor_precedent": "N/A",
    "criminal_network_mirror": "N/A",
    "digital_amplification": "N/A"
  }
]