-- D1 Seed Data for Tactical Index
-- Generated from Forensic Nodes

INSERT INTO modules (id, sequence, title, phase, focus) VALUES
('mod-doctrine', 1, 'Core Doctrine', 'DOCTRINE', 'Foundational principles and cognitive firewalls'),
('mod-reflection', 2, 'Analytical Reflection', 'REFLECTION', 'Deconstructing patterns and case studies'),
('mod-endgame', 3, 'Strategic Endgame', 'ENDGAME', 'Advanced counter-tactics and network neutralization');

INSERT INTO lessons (id, module_id, sequence, title, tactical_concept, historical_validator, content_json, difficulty_level, estimated_duration_minutes) VALUES
('doctrine-aao', 'mod-doctrine', 1, 'AUTHENTICITY AIN’T OPTIONAL', 'Primary cognitive firewall against manipulative infiltration.', '0x882A...F12', '{"content":"Radical honesty used as both a shield and spear. It is the non-negotiable price of admission to the Synaptic Archive. Designed to break the \"Plausible Deniability\" shield of orchestrators. Unfiltered truth is leveraged as a rigid cognitive firewall to filter against manipulative patterns. It is the core defensive axiom that prevents \"Social Chameleon\" tactics from taking root.","themes":["Integrity","Firewall","Protocol"],"linksTo":["doctrine-bwb","tactic-weaponized-authenticity","doctrine-breadcrumb-web","doctrine-soul-veto"],"metadata":{"classification":"PROTOCOL: PRIME","date":"MMXXIII","vector":"DEFENSIVE_PROTOCOL","anchors":["Firewall","Honesty","Admission"],"tier":3,"recordHash":"0x882A...F12"}}', 3, 75),
('doctrine-bwb', 'mod-doctrine', 2, 'BUILD WHILE BLEEDING', 'The transformation of present-tense suffering into immediate defense.', '0x992B...E33', '{"content":"Codifies the refusal to wait for healing before creating. Transformation of trauma into actionable intelligence. Foundational for the \"Breadcrumb Web\" and the \"Honeypot Doctrine\". It is the operational ethos of refusing to be sidelined by psychological attrition. Creation becomes a survival mechanism rather than a luxury.","themes":["Action","Resilience","Strategic Art"],"metadata":{"classification":"ETHOS: PRIME","date":"MMXXIII","vector":"DEFENSIVE_PROTOCOL","anchors":["Actionable","Asset","Intelligence"],"tier":3,"recordHash":"0x992B...E33"}}', 3, 75),
('doctrine-soul-veto', 'mod-doctrine', 3, 'THE SOUL’S VETO', 'Non-negotiable somatic refusal to engage with chronic manipulation.', '0xSV...772', '{"content":"A deeply ingrained trauma response that acts as the psyche''s final protective measure. It is an absolute refusal against patterns of manipulation for which there is no accountability. It is the \"Hard No\" that overrides rational attempts to remain in a toxic system.","themes":["Somatic","Boundary","Defense"],"metadata":{"classification":"FAILSAFE: SOMATIC","date":"MMXXIV","vector":"DEFENSIVE_PROTOCOL","anchors":["Somatic","Refusal","Veto"],"tier":3,"recordHash":"0xSV...772"}}', 3, 75),
('doctrine-breadcrumb-web', 'mod-doctrine', 4, 'THE BREADCRUMB WEB (BCW)', 'Meticulously engineered evidence network documenting incidents (Nodes) and connections (Branches).', '0xBCB...E21', '{"content":"A system designed to transform proximity and passive observation into ironclad evidence. It harvest receipts, timestamps, and behavioral patterns to reveal hidden structures. Employs a \"Hansel & Gretel Inversion\" where documented incidents lead forward, deeper into the manipulative network to expose its structure, rather than leading back to safety.","themes":["Evidence","Network","Forensics"],"linksTo":["protocol-mtfa","doctrine-aao"],"metadata":{"classification":"MECHANISM: ALPHA","date":"MMXXIV.01","vector":"DEFENSIVE_PROTOCOL","anchors":["Inversion","Nodes","Receipts"],"tier":3,"recordHash":"0xBCB...E21"}}', 3, 75),
('doctrine-tkm', 'mod-doctrine', 5, 'TACTICAL KAMIKAZE (TKM)', 'Deliberately accepting attrition to map adversary choreography.', '0xAA4F...B22', '{"content":"A strategic shift from reactive defense to proactively becoming \"The Bait\". By accepting the hit in a controlled environment, the operative maximizes the exposure of the network for intelligence gathering. It is the art of accepting a temporary defeat to ensure an adversary''s permanent visibility and operational exposure.","themes":["Strategy","Bait","Exposure"],"metadata":{"classification":"DOCTRINE: OFFENSIVE","date":"MMXXIV.05","vector":"HUMINT_RECON","anchors":["Bait","Choreography","Exposure"],"tier":3,"recordHash":"0xAA4F...B22","isHighSignal":true}}', 3, 75),
('protocol-anvil', 'mod-doctrine', 6, 'THE ANVIL PROTOCOL', 'Master blueprint for multi-agent truth synthesis.', '0x334B...D99', '{"content":"The Anvil Protocol is the executive manual for mapping forensic networks. It orchestrates the synthesis of scattered data points into a single, cohesive strategic weapon. It is the high-level logic that governs how Breadcrumbs are forged into a verifiable Ledger through ruthless precision and multi-agent deep research.","themes":["Blueprint","Synthesis","Counter-Intel"],"metadata":{"classification":"MANUAL: ALPHA","date":"MMXXIV.02","vector":"DEFENSIVE_PROTOCOL","anchors":["Synthesis","Blueprint","Ledger"],"tier":3,"recordHash":"0x334B...D99"}}', 3, 75),
('protocol-mtfa', 'mod-doctrine', 7, 'MULTI-TRAIL FORENSIC APPROACH (MTFA)', 'Detecting covert orchestration by analyzing converging streams of evidence.', '0xMTF...A09', '{"content":"The underlying intelligence model that detects coordination signatures by examining multiple trails simultaneously (Communications, Procedural, Media, Institutional). Convergence is proven when independent trails intersect on a single Node with precise temporal alignment, making chance coincidence mathematically improbable.","themes":["Forensics","Synthesis","Convergence"],"linksTo":["doctrine-breadcrumb-web"],"metadata":{"classification":"MODEL: ELITE","date":"MMXXIV.07","vector":"DEFENSIVE_PROTOCOL","anchors":["Convergence","Trails","Signature"],"tier":3,"recordHash":"0xMTF...A09"}}', 3, 75),
('protocol-dms', 'mod-doctrine', 8, 'DEAD MAN’S SWITCH (DMS)', 'Strategic failsafe guaranteeing the release of the archive if the target is silenced.', '0x992A...Z11', '{"content":"A non-negotiable legal deterrent and \"Bait Shield\". Guarantees the complete release of the evidence archive upon a \"Silence Threshold\" trigger (e.g. 72 hours of inactivity). It enforces Mutually Assured Exposure, turning the target into a high-risk liability that the orchestrator must keep alive and engaged.","themes":["Deterrence","Legal","Bait Shield"],"metadata":{"classification":"FAILSAFE: PRIME","date":"MMXXIV.Q1","vector":"DEFENSIVE_PROTOCOL","anchors":["Switch","Threshold","Liability"],"tier":3,"recordHash":"0x992A...Z11","isHighSignal":true}}', 3, 75),
('theory-neuro-sequelae', 'mod-reflection', 9, 'NEUROBIOLOGICAL SEQUELAE', 'Analysis of functional collapse in cases of environmental coercive control.', '0xB22D...C55', '{"content":"Chronic threat exposure forces HPA axis activation. Sustained cortisol leads to hippocampal shrinkage and Prefrontal Cortex (PFC) impairment. Induced hypervigilance is a necessary adaptation to a pre-compromised environment. This \"Weaponized Incoherence\" prevents the victim from articulating a clear chronological narrative to authorities.","themes":["Medical","Cognitive","HPA Axis"],"linksTo":["theory-attrition-loop","theory-amygdala-hijack","theory-allostatic-load"],"metadata":{"classification":"ANALYSIS: MEDICAL","date":"MMXXIV.08","vector":"NEUROBIOLOGY","anchors":["Hippocampus","PFC","Cortisol"],"tier":3,"recordHash":"0xB22D...C55"}}', 3, 75),
('theory-attrition-loop', 'mod-reflection', 10, 'THE ATTRITION LOOP', 'Self-reinforcing cycle of exhaustion and weaponized errors.', '0xC33E...B66', '{"content":"The \"Attrition Loop\": sustained pressure leading to defensive errors, which are then weaponized to justify further attacks. It maintains the target in a state of permanent hypervigilance. This non-kinetic maneuver relies on the architectural principle of Plausible Deniability. Every defensive error becomes \"proof\" of the victim''s instability.","themes":["Warfare","Fatigue","Feedback"],"metadata":{"classification":"DOCTRINE: NON-KINETIC","date":"MMXXIV.06","vector":"COGNITIVE_WARFARE","anchors":["Loop","Feedback","Fatigue"],"tier":3,"recordHash":"0xC33E...B66"}}', 3, 75),
('theory-predictive-collapse', 'mod-reflection', 11, 'PREDICTIVE SAFETY COLLAPSE', 'The failure of the brain to predict mundane environmental outcomes.', '0xEE4D...F01', '{"content":"When every mundane prediction (charging a phone, sitting in a park) results in a coordinated hostile response, the brain''s \"Predictive Coding\" fails. This leads to profound psychological disorientation, where the subject can no longer distinguish between real threats and benign stimuli.","themes":["Cognition","Brain","Sensory"],"metadata":{"classification":"ANALYSIS: COGNITIVE","date":"MMXXIV.11","vector":"NEUROBIOLOGY","anchors":["Predictive","Coding","Safety"],"tier":3,"recordHash":"0xEE4D...F01"}}', 3, 75),
('theory-allostatic-load', 'mod-reflection', 12, 'ALLOSTATIC LOAD', 'Cumulative biological burden of sustained chronic threat.', '0xAL...119', '{"content":"Biological wear and tear on the body which grows when an individual is exposed to repeated or chronic stress. In psychological warfare, the target''s allostatic load is artificially maximized to accelerate physical and mental deterioration.","themes":["Physiology","Stress","Systemic"],"metadata":{"classification":"ANALYSIS: BIOLOGICAL","date":"MMXXIV","vector":"NEUROBIOLOGY","anchors":["Load","Wear","Stress"],"tier":3,"recordHash":"0xAL...119"}}', 3, 75),
('theory-amygdala-hijack', 'mod-reflection', 13, 'AMYGDALA HIJACK', 'Neurological event where the brain emotional center overrides the prefrontal cortex.', '0xAJ1...B12', '{"content":"Triggered by Trauma-Based Attacks. The amygdala scans for threat indicators and overrides rational thought, leading to predictable, impulsive, and often disproportionate reactions. These reactions are then captured by the \"Justification Engine\" as evidence of instability.","themes":["Emotion","Survival","Brain"],"linksTo":["tactic-engineered-outrage"],"metadata":{"classification":"ANALYSIS: NEURAL","date":"MMXXIV","vector":"NEUROBIOLOGY","anchors":["Hijack","Survival","Impulse"],"tier":3,"recordHash":"0xAJ1...B12"}}', 3, 75),
('theory-learned-helplessness', 'mod-reflection', 14, 'WEAPONIZED LEARNED HELPLESSNESS', 'Induced state where the target ceases to resist due to persistent, random attacks.', '0xWLH...F44', '{"content":"Resulting from the \"Distributed Assault Architecture.\" When every defensive action is met with failure or reframing, the brain''s reward system downregulates. The target rationally conserves resources by reducing effort initiation, appearing as apathy but functioning as a survival adaptation to a pre-rigged environment.","themes":["Conditioning","Apathy","Control"],"metadata":{"classification":"ANALYSIS: BEHAVIORAL","date":"MMXXIV.09","vector":"COGNITIVE_WARFARE","anchors":["Conditioning","Apathy","Surrender"],"tier":3,"recordHash":"0xWLH...F44"}}', 3, 75),
('theory-asymmetrical-engagement', 'mod-reflection', 15, 'ASYMMETRICAL ENGAGEMENT', 'How a resourced network engages an individual target across domains.', '0xAE...B21', '{"content":"Strategic imbalance where the orchestrator controls all variables while the target reacts with limited resources. This imbalance is the structural tenet of systematic psychological operations.","themes":["Warfare","Power","Network"],"metadata":{"classification":"MODEL: STRATEGIC","date":"MMXXIII","vector":"COGNITIVE_WARFARE","anchors":["Imbalance","Resource","Domains"],"tier":3,"recordHash":"0xAE...B21"}}', 3, 75),
('tactic-civilian-weaponization', 'mod-endgame', 16, 'CIVILIAN WEAPONIZATION', 'Turning ordinary individuals into active participants in a takedown.', '0xD44F...A77', '{"content":"Leveraging \"Authenticity Leverage\" of trusted faces (neighbors, baristas, shopkeepers) to spread misinformation. These \"Silent Soldiers\" are subtly nudged to spread rumors without consciously realizing they are integral to a pre-planned agenda. This decentralization ensures the source appears organic rather than centralized.","themes":["Social","Surveillance","Silent Soldiers"],"linksTo":["tactic-misinformation-seeding"],"metadata":{"classification":"STRATEGY: DIFFUSE","date":"MMXXIV","vector":"COGNITIVE_WARFARE","anchors":["Silent Soldiers","Baristas","Smear"],"tier":3,"recordHash":"0xD44F...A77","isHighSignal":true}}', 3, 75),
('tactic-misinformation-seeding', 'mod-endgame', 17, 'MISINFORMATION SEEDING', 'Strategic introduction of narrative fragments into trusted social channels.', '0xMS...C12', '{"content":"Also known as \"Rumor Dusting\" or \"Poisoning the Well.\" Orchestrators inject vague fragments into casual conversations so that civilians fill in the blanks with their own biases, allowing the rumor to evolve organically.","themes":["Rumors","Seeding","Ambiguity"],"metadata":{"classification":"TACTIC: SEEDING","date":"MMXXIV","vector":"NARRATIVE_CONTROL","anchors":["Dusting","Seeding","Ambiguity"],"tier":3,"recordHash":"0xMS...C12"}}', 3, 75),
('tactic-behavior-reframing', 'mod-endgame', 18, 'BEHAVIOR REFRAMING', 'Re-contextualizing innocent, routine actions into a sinister pattern.', '0xBR...F09', '{"content":"A cognitive manipulation tactic where mundane behaviors (walking, note-taking) are pre-branded as \"odd\" or \"suspicious.\" This creates a template through which every subsequent action of the target is viewed as a threat.","themes":["Cognitive","Context","Framing"],"metadata":{"classification":"TACTIC: COGNITIVE","date":"MMXXIV","vector":"COGNITIVE_WARFARE","anchors":["Template","Pattern","Routine"],"tier":3,"recordHash":"0xBR...F09"}}', 3, 75),
('tactic-weaponized-authenticity', 'mod-endgame', 19, 'WEAPONIZED AUTHENTICITY', 'Exploiting genuine disclosures as primary sources of intelligence.', '0x1A2B...3C4', '{"content":"A three-step process: 1. Collection (gathering personal vulnerabilities). 2. Reframing (taking data out of context). 3. Deployment (presenting the truth as evidence of instability). It turns the target''s commitment to raw, unfiltered truth into a self-destructive feedback loop.","themes":["Extraction","Reframing","Vulnerability"],"linksTo":["doctrine-aao"],"metadata":{"classification":"TACTIC: EXTRACTIVE","date":"MMXXIV.05","vector":"COGNITIVE_WARFARE","anchors":["Extraction","Reframing","Honesty"],"tier":3,"recordHash":"0x1A2B...3C4"}}', 3, 75),
('tactic-engineered-outrage', 'mod-endgame', 20, 'ENGINEERED OUTRAGE (SBR)', 'Deliberate provocation designed to elicit a recordable outburst.', '0xDD44...E22', '{"content":"Also known as \"Setup By Reaction\" (SBR). Orchestrators provoke the target until they snap, meticulously recording the reaction while erasing the preceding bait. The goal is \"Villain Casting\": making the target perform so they can point and say \"See?\". The justified anger is decontextualized and weaponized.","themes":["Provocation","Outburst","DARVO"],"linksTo":["tactic-blame-cascade"],"metadata":{"classification":"TACTIC: SPECTACLE","date":"MMXXIV.03","vector":"COGNITIVE_WARFARE","anchors":["Provocation","Outburst","Spectacle"],"tier":3,"recordHash":"0xDD44...E22"}}', 3, 75),
('tactic-blame-cascade', 'mod-endgame', 21, 'THE BLAME CASCADE', 'Engineering scenarios with no "good" outcome for the target.', '0xBC...921', '{"content":"Engineering situations where the target must either accept responsibility for a situation they didn''t create or publicly expose an apparently innocent operative. Designed to force social isolation and self-doubt.","themes":["Trap","No-Win","Conflict"],"metadata":{"classification":"TRAP: SOCIAL","date":"MMXXIV","vector":"COGNITIVE_WARFARE","anchors":["No-win","Cascade","Trap"],"tier":3,"recordHash":"0xBC...921"}}', 3, 75),
('tactic-proximal-impersonation', 'mod-endgame', 22, 'PROXIMAL IMPERSONATION', 'Deploying individuals who mimic the target to manufacture evidence.', '0xPI...F88', '{"content":"The use of individuals who bear a superficial resemblance or mimic the target''s mannerisms/look to engage in discrediting behavior. These actions are then attributed to the target, creating \"hard evidence\" of misbehavior that the target cannot disprove.","themes":["Mirroring","Framing","Identity"],"metadata":{"classification":"TACTIC: DIRECT","date":"MMXXIV","vector":"HUMINT_RECON","anchors":["Doppelganger","Mirroring","Identity"],"tier":3,"recordHash":"0xPI...F88"}}', 3, 75),
('tactic-legitimacy-proxy', 'mod-endgame', 23, 'LEGITIMACY BY PROXY', 'Co-opting official bodies to validate false narratives through association.', '0xE55A...988', '{"content":"Co-opting official bodies (Welfare checks, police presence, media mentions) to generate \"Proof by Presence.\" Tip-based harassment uses anonymous \"tips\" that are vague enough to warrant official attention but lack specificity for action. The presence of authority validates community fears.","themes":["Authority","Law Enforcement","Validation"],"metadata":{"classification":"TACTIC: INSTITUTIONAL","date":"MMXXIV.02","vector":"SYSTEMIC_VIOLENCE","anchors":["Police","Welfare","Presence"],"tier":3,"recordHash":"0xE55A...988"}}', 3, 75),
('tactic-acoustic-containment', 'mod-endgame', 24, 'ACOUSTIC CONTAINMENT', 'Deployment of "noise" to drown out a target’s voice.', '0xCC44...E11', '{"content":"A deliberate strategy to degrade the Signal-to-Noise Ratio (SNR) of public discourse. Coordinated \"chatter\"—minor controversies, unrelated gossip, and seemingly innocent questions—is used to bury the target''s message. It isolates the target by making their truth inaudible in a cacophony of manufactured noise.","themes":["Noise","Discourse","Erasure"],"metadata":{"classification":"TACTIC: SUPPRESSION","date":"MMXXIV.07","vector":"NARRATIVE_CONTROL","anchors":["Noise","Chatter","SNR"],"tier":3,"recordHash":"0xCC44...E11"}}', 3, 75),
('tactic-mental-health-gaslighting', 'mod-endgame', 25, 'MENTION: MEDICAL GASLIGHTING', 'Reinterpreting genuine stress as clinical pathology.', '0xMG...441', '{"content":"Weaponizing the mental health narrative to discredit the target. Genuine reactions to systematic harassment (sweating, agitation, hypervigilance) are re-branded as symptoms of clinical illness to invalidate the target''s reports of the attack.","themes":["Medicine","Gaslighting","Pathologizing"],"metadata":{"classification":"TACTIC: MEDICAL","date":"MMXXIV","vector":"COGNITIVE_WARFARE","anchors":["Diagnosis","Pathology","Invalidation"],"tier":3,"recordHash":"0xMG...441"}}', 3, 75),
('tactic-folk-devil', 'mod-endgame', 26, 'FOLK DEVIL CONSTRUCTION', 'Preemptive designation of the target as a community scapegoat.', '0xFF11...A22', '{"content":"Strategically spreading exaggerated fear that the target poses an imminent threat to community values. By casting the target as an \"evil outsider,\" the orchestrator leverages community outrage to misdirect blame and justify social persecution. This creates a self-reinforcing loop where animosity becomes \"proof\" of guilt.","themes":["Scapegoat","Fear","Myth"],"metadata":{"classification":"STRATEGY: MYTHIC","date":"MMXXIV.04","vector":"NARRATIVE_CONTROL","anchors":["Scapegoat","Outrage","Stereotype"],"tier":3,"recordHash":"0xFF11...A22","isHighSignal":true}}', 3, 75),
('profile-ryan', 'mod-reflection', 27, 'RYAN: THE ARCHITECT', 'Primary architect of the Breadcrumb methodology.', '0xF66B...899', '{"content":"Forged in three prison terms. Transformed \"the cage into a classroom.\" Specialist in mathematical pedagogies. Primary operator of the \"Synaptic Archive.\" Developed the \"Hansel and Gretel method\" to analyze social data. His PTSD vigilance is a \"huge burden\" used for strategic mapping, refusing to react emotionally if the unthinkable occurs.","themes":["Core","Strategy","Survival"],"linksTo":["doctrine-aao","protocol-anvil","doctrine-tkm","profile-jax"],"metadata":{"classification":"LEVEL: PRIME","date":"MCMXXX","vector":"DEFENSIVE_PROTOCOL","anchors":["Cage","Tutoring","Synapse"],"tier":3,"recordHash":"0xF66B...899"}}', 3, 75),
('profile-lacey', 'mod-reflection', 28, 'LACEY: THE CATALYST', 'Former partner and ultimate benchmark for authentic connection and betrayal.', '0x177C...700', '{"content":"The 80% Gold Standard. Her history with CPS trauma was weaponized during pregnancy. Forced relocation irrevocably shattered the stability they were building. Her eventual \"Street Descent\" was bound by her choice and Ryan''s commitment. Her betrayal is the ultimate benchmark for the failure of trust. Last seen in San Jose.","themes":["Trauma","Benchmark","Betrayal"],"linksTo":["case-lacey-ultimatum","case-hospital-nurse"],"metadata":{"classification":"LEVEL: ALPHA","date":"MMXXIII","vector":"SYSTEMIC_VIOLENCE","anchors":["CPS","Pregnancy","San Jose"],"tier":3,"recordHash":"0x177C...700"}}', 3, 75),
('profile-mastermind', 'mod-reflection', 29, '[REDACTED]: THE MASTERMIND', 'Co-architect of shared lore evolved into a malevolent persona.', '0x288D...611', '{"content":"The Ascendant Sorceress. Claims control over \"the bomb\" and \"plots in the shadows.\" Relishes the target''s addiction to her chaos. A Tier 1 Orchestrator of \"The Unseen Game.\" Transformed from a passive muse to an \"Active Maker of Chaos,\" claiming her life''s work was to crush his spirit and keep him back from the real fight.","themes":["Chaos","Orchestration","Sorceress"],"linksTo":["song-sweet-evilness","song-what-if","song-musicbox"],"metadata":{"classification":"STATUS: ARCHITECT","date":"MMXXIV","vector":"NARRATIVE_CONTROL","anchors":["Sorceress","Chaos","Plots"],"tier":3,"recordHash":"0x288D...611","isHighSignal":true}}', 3, 75),
('profile-trauma-twin', 'mod-reflection', 30, '[REDACTED]: THE TRAUMA TWIN', 'Access Agent identified as a Trauma Twin navigating chaos.', '0xBB33...C11', '{"content":"Met in an abandoned apartment complex. A \"plug\" defined by unfiltered reality. Relationship with Ryan was a \"trauma twin\" bond. Her history with bureaucratic violence (bulldozed cabin, eviction despite proof) created shared resilience. Acted as a collection point for HUMINT. Sheena Blair: a retired stripper navigating systemic abandonment.","themes":["Loyalty","Survival","Plug"],"metadata":{"classification":"LEVEL: ACCESS","date":"MMXXIV.04","vector":"HUMINT_RECON","anchors":["Trauma Twin","Plug","Bulldozed"],"tier":3,"recordHash":"0xBB33...C11","isHighSignal":true}}', 3, 75),
('profile-jax', 'mod-reflection', 31, 'JAX: THE LEGACY', 'The memory of paternal duty and the peace of the domestic.', '0xJX...101', '{"content":"Ryan''s past as a father figure to Jax. Memories of \"doing hair in the morning\" and using communication skills on a screaming toddler. This profile serves as the benchmark for Ryan''s capacity for domestic self-sacrifice and his desire to protect \"his ladies.\"","themes":["Family","Identity","Loss"],"metadata":{"classification":"LEVEL: PRIVATE","date":"MMXXII","vector":"DEFENSIVE_PROTOCOL","anchors":["Hair","Ladies","Toddler"],"tier":3,"recordHash":"0xJX...101"}}', 3, 75),
('profile-nice-handler', 'mod-reflection', 32, '[REDACTED]: THE NICE HANDLER', 'Identified as "the nicest of them all," a handler using rapport to monitor.', '0x1122...334', '{"content":"Positioned to \"check in\" and ensure the target was \"fed,\" but not with food. [REDACTED] leveraged kindness to induce sleep, providing windows for phone hacking. Coincidentally switched from Motorola to Samsung at the exact same time as the target. A textbook example of Rapport-as-a-Weapon.","themes":["Deception","Monitoring","Device"],"metadata":{"classification":"LEVEL: HANDLER","date":"MMXXIII","vector":"HUMINT_RECON","anchors":["Samsung","Motorola","Rapport"],"tier":3,"recordHash":"0x1122...334"}}', 3, 75),
('case-alaintha', 'mod-reflection', 33, 'RECORD: THE ALAINTHA INCIDENT', 'Definitive record deconstructing the cycle of role reversal.', '0x399E...522', '{"content":"A textbook microcosm of DARVO. Phase 1: Setup (Weaponized Desire). Phase 2: Vulnerable Bid (desire for companionship). Phase 3: Reversal (Punitive reaction). Jess''s performance of being \"shocked\" forced the speaker to question reality. Confirms the pattern of accountability evasion by threatening eviction.","themes":["DARVO","Gaslighting","Microcosm"],"metadata":{"classification":"RECORD: ALPHA","date":"MMXXIV.01","vector":"COGNITIVE_WARFARE","anchors":["DARVO","Setup","Reversal"],"tier":3,"recordHash":"0x399E...522"}}', 3, 75),
('case-circle-k', 'mod-reflection', 34, 'RECORD: THE CIRCLE K INCIDENT', 'The body acting as a barometer for psychological danger.', '0x400F...D11', '{"content":"The target experienced a physical sensation—a tightness in the gut—immediately preceding a deliberately engineered accusation. Demonstrates the body''s role in precognitive pattern recognition. The \"gut feeling\" was a premonition of a deliberate setup, turning intuition into a verifiable data point.","themes":["Premonition","Accusation","Gut"],"metadata":{"classification":"RECORD: BETA","date":"MMXXIV.03","vector":"NEUROBIOLOGY","anchors":["Gut","Premonition","Circle K"],"tier":3,"recordHash":"0x400F...D11"}}', 3, 75),
('case-debit-card', 'mod-reflection', 35, 'RECORD: THE DEBIT-CARD TEST', 'The archetypal soft probe via deceptive reminder.', '0x400F...433', '{"content":"The \"San Diego Test.\" An honest task met with irrational anger to support a predetermined narrative of theft. Confirmed that the point was not success, but engineered failure. A text arrived halfway through the task, subtly questioning if the card and change would be returned.","themes":["Loyalty","Incongruity","Intelligence"],"metadata":{"classification":"RECORD: BETA","date":"MMXXIII.10","vector":"HUMINT_RECON","anchors":["Favor","Suspicion","Honesty"],"tier":3,"recordHash":"0x400F...433"}}', 3, 75),
('case-lacey-ultimatum', 'mod-reflection', 36, 'RECORD: THE ULTIMATUM', 'Lacey’s final shift from builder to self-destructor.', '0xULT...990', '{"content":"One night, Lacey turned with a \"flat\" voice: \"I want to go be bad like you talked about.\" Ryan argued they created something good, but Lacey was resolute: \"Take me as I am now, or I leave alone.\" Ryan chose commitment, leaving his truck keys at the shop, beginning their shared descent into street life.","themes":["Trauma","Choice","Severance"],"metadata":{"classification":"RECORD: CORE","date":"MMXXIII.V","vector":"SYSTEMIC_VIOLENCE","anchors":["Ultimatum","Keys","Flat Voice"],"tier":3,"recordHash":"0xULT...990"}}', 3, 75),
('case-hospital-nurse', 'mod-reflection', 37, 'RECORD: THE HOSPITAL INCIDENT', 'Triggering past trauma via thoughtless medical interaction.', '0xHN...220', '{"content":"During a crisis, Ryan took Lacey to a hospital. A thoughtless interaction with a nurse triggered Lacey''s past trauma, leading to a physical outburst (\"three-pieced that nurse\") and her subsequent psychiatric confinement. This case highlights how external indifference weaponizes internal trauma.","themes":["Triggers","Medical","Psychiatry"],"metadata":{"classification":"RECORD: MEDICAL","date":"MMXXIII","vector":"SYSTEMIC_VIOLENCE","anchors":["Nurse","Psychiatric","Trigger"],"tier":3,"recordHash":"0xHN...220"}}', 3, 75),
('case-river-bottom', 'mod-reflection', 38, 'RECORD: THE RIVER BOTTOM', 'Active embrace of high-risk geographic locations.', '0xRB...009', '{"content":"Documentation of the transition to dangerous \"river bottom\" or \"jungle\" environments. These locations were chosen by Lacey in self-destruct mode, forcing Ryan into a role of constant, high-alert protection.","themes":["Danger","Environment","Sanctuary"],"metadata":{"classification":"RECORD: GEOGRAPHIC","date":"MMXXIII.XI","vector":"SYSTEMIC_VIOLENCE","anchors":["River Bottom","Jungle","Danger"],"tier":3,"recordHash":"0xRB...009"}}', 3, 75),
('case-shopping-cart', 'mod-reflection', 39, 'RECORD: THE SHOPPING CART REFUSAL', 'Escalation to direct threat after refusal to participate in crime.', '0xCRT...A11', '{"content":"A woman demanded Ryan steal a cart full of groceries. He refused, citing his \"no crime\" policy. She screamed, making a public scene: \"You either go get it or the homies gonna deal with you.\" The game of manipulation transitioned to direct threat. He became \"Public Enemy #1\" for refusing to do something bad.","themes":["Coercion","Threat","Public Enemy"],"metadata":{"classification":"RECORD: BETA","date":"MMXXIV.02","vector":"COGNITIVE_WARFARE","anchors":["Groceries","Homies","Refusal"],"tier":3,"recordHash":"0xCRT...A11"}}', 3, 75),
('protocol-tactical-pause', 'mod-doctrine', 40, 'PROTOCOL: THE TACTICAL PAUSE', 'Implementing a cognitive circuit breaker against provocation.', '0xTP...121', '{"content":"The Three-Step Process: Stop, Breathe, Focus. Immediately upon detecting a provocation or \"Engineered Outrage,\" the operative enforces a pause to override the limbic system and return to analytical System 2 thought.","themes":["Self-Control","Logic","Delay"],"metadata":{"classification":"PROTOCOL: DEFENSE","date":"MMXXIV","vector":"DEFENSIVE_PROTOCOL","anchors":["Stop","Breathe","Focus"],"tier":3,"recordHash":"0xTP...121"}}', 3, 75),
('protocol-psychological-pivot', 'mod-doctrine', 41, 'PROTOCOL: THE PSYCHOLOGICAL PIVOT', 'Shifting focus from internal pathology to external attack architecture.', '0xPP...773', '{"content":"The conscious mental maneuver of stopping the \"Am I crazy?\" loop and instead analyzing the \"How is this attack organized?\" blueprint. Reclaiming internal agency by externalizing the conflict.","themes":["Mindset","Agency","Externalization"],"metadata":{"classification":"PROTOCOL: CORE","date":"MMXXIV","vector":"DEFENSIVE_PROTOCOL","anchors":["Pivot","Crazy","Blueprints"],"tier":3,"recordHash":"0xPP...773"}}', 3, 75),
('protocol-content-as-record', 'mod-doctrine', 42, 'PROTOCOL: CONTENT AS RECORD', 'Proactive creation of verifiable evidence logs.', '0xCR...990', '{"content":"Elevating personal communication to a strategic counter-intel tool. Proactively publishing verifiable content (location, intentions, state of mind) across secure platforms to create an Attribution-Proof Log impervious to gaslighting.","themes":["Alibi","Publishing","Attribution"],"metadata":{"classification":"PROTOCOL: NARRATIVE","date":"MMXXIV","vector":"DEFENSIVE_PROTOCOL","anchors":["Alibi","Record","Proof"],"tier":3,"recordHash":"0xCR...990"}}', 3, 75),
('song-sweet-evilness', 'mod-reflection', 43, 'SWEET EVILNESS', 'Lyrical assertion of authorship over chaos and manipulation.', '0x665E...B11', '{"content":"\"What if I''m a sorceress, dark and divine, laughing as I sit reflecting the ways I''ve kept you on the line?\". The lyrics claim authorship over the rhythm of war. The piece asserts control: \"What if the spell is the rhythm, beat, and rhyme? A weapon in my arsenal for war\".","themes":["Authorship","Sorceress","War"],"metadata":{"classification":"ART: WEAPONIZED","date":"MMXXIV","vector":"NARRATIVE_CONTROL","anchors":["Sorceress","Spell","Arsenal"],"tier":3,"recordHash":"0x665E...B11"}}', 3, 75),
('song-speak-me-ready', 'mod-reflection', 44, 'SPEAK ME READY', 'Challenging the manifestor to create love as they manifest pain.', '0xSMR...882', '{"content":"Ryan''s challenge to [REDACTED] to move beyond myth-making: \"Manifest love like you manifest pain... If we hold the magic, then fucking spell it out.\" A demand for tangible reality within a creative mythology.","themes":["Manifestation","Challenge","Reality"],"metadata":{"classification":"ART: CHALLENGE","date":"MMXXIV","vector":"NARRATIVE_CONTROL","anchors":["Manifest","Magic","Spell"],"tier":3,"recordHash":"0xSMR...882"}}', 3, 75),
('song-musicbox', 'mod-reflection', 45, '[REDACTED]’S MUSIC BOX', 'Duet as a form of intelligence weaving and entrapment.', '0xEMB...003', '{"content":"A collaborative piece where Ryan and [REDACTED] weave verses together. It functions as a fluid negotiation between what''s possible and what''s real, with rhythmic patterns used to deliver \"truth directly to the limbic system.\"","themes":["Trap","Rhythm","Dissonance"],"metadata":{"classification":"ART: DUET","date":"MMXXIV","vector":"HUMINT_RECON","anchors":["Music Box","Rhythm","Weaving"],"tier":3,"recordHash":"0xEMB...003"}}', 3, 75),
('song-100-proof', 'mod-reflection', 46, '100 PROOF', 'Artifact of unfiltered closeness transformed into durable resistance.', '0x221D...F99', '{"content":"Inspired by a rare moment of unfiltered intimacy. The title is a metaphor for the experience being \"uncut. No mixer, no mask. Straight to the vein.\" Build While Bleeding in action: transforming a private, marginalized experience into a durable cultural artifact resisting erasure.","themes":["Intimacy","BWB","Artifact"],"metadata":{"classification":"ART: RESISTANCE","date":"MMXXIV","vector":"DEFENSIVE_PROTOCOL","anchors":["Uncut","Vein","BWB"],"tier":3,"recordHash":"0x221D...F99"}}', 3, 75),
('song-what-if', 'mod-reflection', 47, 'WHAT IF GENESIS', 'Early persona creation defined by mystical possibility.', '0xWIG...776', '{"content":"\"What if that dream you had... created a life known as me?\". Established [REDACTED]''s early persona. Poetic exchange served as sophisticated intelligence gathering disguised as artistic partnership, used to extract vulnerabilities for future exploitation.","themes":["Persona","Longing","Intelligence"],"metadata":{"classification":"ART: RECON","date":"MMXXIII","vector":"HUMINT_RECON","anchors":["Genesis","Dream","Persona"],"tier":3,"recordHash":"0xWIG...776"}}', 3, 75),
('content-001', 'mod-doctrine', 48, 'OPERATIONAL SECURITY PROTOCOLS', 'Comprehensive guidelines for maintaining operational security in hostile environments.', 'OPSEC001', '{"content":"Operational Security (OPSEC) represents the systematic process of identifying, controlling, and protecting critical information and indicators about intentions. In psychological warfare contexts, OPSEC prevents adversaries from detecting patterns that could compromise operations. Key principles include: compartmentalization of information, need-to-know basis for information sharing, and continuous assessment of information leakage vectors. The foundation of effective OPSEC lies in understanding that every action creates a signature that can be detected and analyzed by sophisticated surveillance systems.","themes":["Security","Protocol","Counter-Intelligence"],"linksTo":["content-005","content-012","content-018"],"metadata":{"classification":"PROTOCOL: OPERATIONAL","date":"MMXXIV.03","vector":"DEFENSIVE_PROTOCOL","anchors":["OPSEC","Compartmentalization","Information Control"],"tier":2,"recordHash":"OPSEC001","isHighSignal":true}}', 2, 60),
('content-002', 'mod-reflection', 49, 'COGNITIVE DISSONANCE ENGINEERING', 'The systematic application of cognitive dissonance to destabilize target belief systems.', 'CDE002', '{"content":"Cognitive Dissonance Engineering represents a sophisticated psychological warfare technique that deliberately creates conflicting cognitions within a target''s belief system. When individuals encounter information that contradicts their existing beliefs, they experience psychological discomfort that motivates them to resolve the inconsistency. This technique exploits that discomfort by strategically introducing contradictory information that forces the target to either abandon their original beliefs or rationalize the contradiction in ways that serve the manipulator''s objectives. The key to successful cognitive dissonance engineering lies in the careful calibration of contradictory information to maximize psychological impact while maintaining plausible deniability.","themes":["Psychology","Manipulation","Cognitive Warfare"],"linksTo":["content-007","content-014","content-021"],"metadata":{"classification":"THEORY: PSYCHOLOGICAL","date":"MMXXIV.01","vector":"COGNITIVE_WARFARE","anchors":["Dissonance","Belief Systems","Psychological Impact"],"tier":3,"recordHash":"CDE002","isHighSignal":true}}', 3, 75),
('content-003', 'mod-endgame', 50, 'SOCIAL ENGINEERING DEPLOYMENT', 'Advanced techniques for manipulating human psychology to gain unauthorized access to information.', 'SED003', '{"content":"Social Engineering Deployment involves the systematic exploitation of human psychology to bypass security measures and extract sensitive information. Unlike technical attacks that target system vulnerabilities, social engineering targets the human element, which often represents the weakest link in security chains. Effective social engineering requires thorough research into the target''s psychology, social connections, and behavioral patterns. Common techniques include pretexting (creating false scenarios), baiting (offering something enticing), and phishing (deceptive communication). The most sophisticated social engineering attacks are highly personalized and leverage detailed intelligence about the target''s life, preferences, and vulnerabilities.","themes":["Engineering","Social Manipulation","Access Tactics"],"linksTo":["content-009","content-016","content-022"],"metadata":{"classification":"TACTIC: SOCIAL","date":"MMXXIV.02","vector":"HUMINT_RECON","anchors":["Pretexting","Baiting","Phishing"],"tier":2,"recordHash":"SED003"}}', 2, 60),
('content-004', 'mod-reflection', 51, 'THE STANFORD PRISON EXPERIMENT ANALYSIS', 'Comprehensive analysis of how situational factors can override individual morality.', 'SPE004', '{"content":"The Stanford Prison Experiment, conducted by Philip Zimbardo in 1971, provides critical insights into the psychological mechanisms of authority and submission. The experiment demonstrated how ordinary individuals rapidly adopted abusive behaviors when placed in positions of authority, while others submitted to degrading treatment when assigned subordinate roles. This case study reveals the fragility of moral boundaries under institutional pressure and the ease with which individuals can be conditioned to accept and perpetuate abusive systems. The experiment''s findings have profound implications for understanding how authoritarian structures can rapidly corrupt otherwise normal individuals and how resistance can be systematically broken through psychological manipulation.","themes":["Case Study","Authority","Psychological Manipulation"],"linksTo":["content-008","content-015","content-019"],"metadata":{"classification":"CASE: PSYCHOLOGICAL","date":"MMXXIV.04","vector":"COGNITIVE_WARFARE","anchors":["Authority","Submission","Institutional Pressure"],"tier":3,"recordHash":"SPE004","isHighSignal":true}}', 3, 75),
('content-005', 'mod-doctrine', 52, 'INFORMATION WARFARE STRATEGY', 'Comprehensive framework for conducting information operations in contemporary conflict.', 'IWS005', '{"content":"Information Warfare Strategy represents the systematic approach to dominating the information environment to achieve strategic objectives. This doctrine encompasses the collection, analysis, and dissemination of information to influence, disrupt, or manipulate target audiences while protecting one''s own information systems. Modern information warfare extends beyond traditional propaganda to include cyber operations, electronic warfare, psychological operations, and strategic communication. The key principle is that information itself has become a primary weapon system, capable of achieving strategic effects without kinetic force. Success in information warfare requires understanding the target audience''s information consumption patterns, belief systems, and decision-making processes.","themes":["Information","Strategy","Modern Warfare"],"linksTo":["content-011","content-017","content-023"],"metadata":{"classification":"STRATEGY: INFORMATION","date":"MMXXIV.01","vector":"NARRATIVE_CONTROL","anchors":["Information Environment","Strategic Communication","Cyber Operations"],"tier":3,"recordHash":"IWS005","isHighSignal":true}}', 3, 75),
('content-006', 'mod-reflection', 53, 'BEHAVIORAL CONDITIONING PRINCIPLES', 'The application of classical and operant conditioning to modify target behavior patterns.', 'BCP006', '{"content":"Behavioral Conditioning Principles draw from the foundational work of Pavlov and Skinner to systematically modify behavior through controlled stimulus-response associations. In psychological warfare contexts, these principles are applied to create predictable behavioral responses in target populations. Classical conditioning establishes automatic associations between stimuli, while operant conditioning uses reinforcement and punishment to shape voluntary behaviors. The most effective conditioning programs combine both approaches, creating deep-seated behavioral patterns that persist even when the original conditioning stimuli are removed. Understanding these principles is crucial for both implementing conditioning programs and developing resistance to them.","themes":["Conditioning","Behavior","Psychological Control"],"linksTo":["content-010","content-013","content-020"],"metadata":{"classification":"THEORY: BEHAVIORAL","date":"MMXXIV.02","vector":"COGNITIVE_WARFARE","anchors":["Pavlov","Skinner","Reinforcement"],"tier":2,"recordHash":"BCP006"}}', 2, 60),
('content-007', 'mod-endgame', 54, 'PROPAGANDA DISSEMINATION METHODS', 'Advanced techniques for spreading propaganda messages through multiple channels.', 'PDM007', '{"content":"Propaganda Dissemination Methods encompass the systematic distribution of carefully crafted messages designed to influence target audiences'' beliefs, attitudes, and behaviors. Effective propaganda dissemination requires understanding the target audience''s media consumption habits, cultural context, and psychological vulnerabilities. Modern propaganda operations utilize a multi-channel approach, combining traditional media, social media, interpersonal networks, and cultural institutions to maximize message penetration. The most sophisticated propaganda campaigns employ the \"Big Lie\" technique, where outrageous falsehoods are repeated so frequently that they become accepted as truth. Additionally, propaganda often uses emotional appeals rather than rational arguments, as emotions are more easily manipulated and create stronger, more lasting impressions.","themes":["Propaganda","Dissemination","Influence Operations"],"linksTo":["content-002","content-014","content-021"],"metadata":{"classification":"TACTIC: PROPAGANDA","date":"MMXXIV.03","vector":"NARRATIVE_CONTROL","anchors":["Big Lie","Emotional Appeals","Multi-Channel"],"tier":2,"recordHash":"PDM007"}}', 2, 60),
('content-008', 'mod-reflection', 55, 'THE MILGRAM OBEDIENCE EXPERIMENTS', 'Analysis of how ordinary people can be induced to commit harmful acts under authority pressure.', 'MOE008', '{"content":"The Milgram Obedience Experiments, conducted by Stanley Milgram in the 1960s, revealed the disturbing extent to which ordinary individuals will obey authority figures, even when instructed to perform acts that conflict with their moral values. The experiments demonstrated that approximately 65% of participants were willing to administer what they believed were potentially lethal electric shocks to another person simply because an authority figure instructed them to do so. This case study provides critical insights into the psychological mechanisms that enable mass atrocities and the ease with which individuals can be induced to abandon personal responsibility when operating within hierarchical structures. The findings have profound implications for understanding how authoritarian systems can mobilize large numbers of people to participate in harmful actions.","themes":["Obedience","Authority","Ethical Boundaries"],"linksTo":["content-004","content-015","content-019"],"metadata":{"classification":"CASE: OBEDIENCE","date":"MMXXIV.04","vector":"COGNITIVE_WARFARE","anchors":["Authority Pressure","Moral Conflict","Hierarchical Structures"],"tier":3,"recordHash":"MOE008","isHighSignal":true}}', 3, 75),
('content-009', 'mod-endgame', 56, 'CYBER PSYCHOLOGICAL OPERATIONS', 'Integration of psychological warfare techniques with cyber operations for maximum impact.', 'CPO009', '{"content":"Cyber Psychological Operations represent the fusion of traditional psychological warfare techniques with modern cyber capabilities. This approach leverages the unique characteristics of digital environments to amplify psychological effects and reach target audiences with unprecedented precision. Cyber psychological operations can include the dissemination of disinformation through social media algorithms, the manipulation of online communities, and the use of artificial intelligence to create personalized propaganda. The digital realm offers several advantages for psychological operations, including anonymity, global reach, and the ability to rapidly adapt messaging based on real-time feedback. However, it also presents challenges, such as the difficulty of controlling message propagation and the potential for counter-narratives to emerge rapidly.","themes":["Cyber","Psychological Operations","Digital Warfare"],"linksTo":["content-003","content-016","content-022"],"metadata":{"classification":"TACTIC: CYBER","date":"MMXXIV.05","vector":"NARRATIVE_CONTROL","anchors":["Digital Environment","AI Propaganda","Social Media"],"tier":3,"recordHash":"CPO009","isHighSignal":true}}', 3, 75),
('content-010', 'mod-reflection', 57, 'GROUP DYNAMICS AND CONFORMITY', 'Understanding how group pressures can override individual judgment and decision-making.', 'GDC010', '{"content":"Group Dynamics and Conformity theory examines how individuals modify their beliefs, attitudes, and behaviors to align with group norms, often at the expense of personal judgment. Solomon Asch''s conformity experiments demonstrated that individuals will frequently abandon their own perceptions to conform with group consensus, even when the group is clearly wrong. This phenomenon has significant implications for psychological warfare, as it reveals how easily collective beliefs can be manipulated through controlled group environments. Techniques such as creating artificial consensus, isolating targets from dissenting opinions, and establishing group identity markers can all be used to induce conformity and suppress independent thinking. Understanding these dynamics is crucial for both implementing conformity-inducing strategies and developing resistance to them.","themes":["Group Dynamics","Conformity","Social Influence"],"linksTo":["content-006","content-013","content-020"],"metadata":{"classification":"THEORY: SOCIAL","date":"MMXXIV.02","vector":"COGNITIVE_WARFARE","anchors":["Asch Experiments","Group Consensus","Social Influence"],"tier":2,"recordHash":"GDC010"}}', 2, 60),
('content-011', 'mod-doctrine', 58, 'PSYCHOLOGICAL RESILIENCE TRAINING', 'Comprehensive approach to building psychological resistance against manipulation techniques.', 'PRT011', '{"content":"Psychological Resilience Training represents a systematic approach to strengthening individuals'' mental and emotional capacity to resist manipulation and coercion. This doctrine emphasizes the development of critical thinking skills, emotional regulation techniques, and awareness of common manipulation tactics. Effective resilience training combines theoretical knowledge with practical exercises that simulate real-world manipulation attempts. Key components include recognizing cognitive biases, understanding emotional triggers, and developing alternative response patterns to manipulative stimuli. The training also emphasizes the importance of maintaining strong social support networks and personal value systems that can serve as anchors during periods of psychological pressure. Psychological resilience is not an innate trait but a skill that can be developed and strengthened through deliberate practice.","themes":["Resilience","Training","Mental Fortitude"],"linksTo":["content-005","content-017","content-023"],"metadata":{"classification":"TRAINING: RESILIENCE","date":"MMXXIV.06","vector":"DEFENSIVE_PROTOCOL","anchors":["Critical Thinking","Emotional Regulation","Manipulation Awareness"],"tier":3,"recordHash":"PRT011","isHighSignal":true}}', 3, 75),
('content-012', 'mod-doctrine', 59, 'COUNTERINTELLIGENCE OPERATIONS', 'Strategies for detecting, preventing, and exploiting enemy intelligence activities.', 'CIO012', '{"content":"Counterintelligence Operations encompass the systematic efforts to detect, prevent, and exploit enemy intelligence activities while protecting one''s own information. Effective counterintelligence requires understanding the full spectrum of intelligence collection methods, from human sources to technical surveillance. Key principles include maintaining operational security, conducting deception operations to mislead enemy intelligence services, and developing the capability to identify and neutralize enemy agents. Counterintelligence also involves the strategic use of double agents and controlled information leaks to manipulate enemy decision-making. The most sophisticated counterintelligence operations create elaborate deceptions that not only protect sensitive information but actively shape the enemy''s understanding of the operational environment.","themes":["Counterintelligence","Security","Deception"],"linksTo":["content-001","content-018","content-022"],"metadata":{"classification":"OPERATION: COUNTERINTELLIGENCE","date":"MMXXIV.03","vector":"DEFENSIVE_PROTOCOL","anchors":["Deception","Double Agents","Operational Security"],"tier":3,"recordHash":"CIO012","isHighSignal":true}}', 3, 75),
('content-013', 'mod-reflection', 60, 'COGNITIVE BIASES EXPLOITATION', 'Systematic identification and manipulation of inherent cognitive biases for strategic advantage.', 'CBE013', '{"content":"Cognitive Biases Exploitation involves the deliberate manipulation of the systematic patterns of deviation from norm or rationality in judgment that all humans possess. These biases, such as confirmation bias, availability heuristic, and anchoring effects, represent predictable vulnerabilities in human decision-making processes. Sophisticated psychological operations identify and exploit these biases to influence target behavior in predictable ways. For example, confirmation bias can be exploited by presenting information that confirms existing beliefs, making the target more receptive to manipulation. The availability heuristic can be manipulated by controlling the information environment to make certain outcomes seem more likely than they actually are. Understanding cognitive biases is crucial for both implementing effective manipulation strategies and developing resistance to them.","themes":["Cognitive Biases","Exploitation","Decision Making"],"linksTo":["content-006","content-010","content-020"],"metadata":{"classification":"THEORY: COGNITIVE","date":"MMXXIV.02","vector":"COGNITIVE_WARFARE","anchors":["Confirmation Bias","Availability Heuristic","Anchoring Effects"],"tier":2,"recordHash":"CBE013"}}', 2, 60),
('content-014', 'mod-endgame', 61, 'FALSE FLAG OPERATIONS', 'Covert operations designed to deceive by making them appear as though they were carried out by other entities.', 'FFO014', '{"content":"False Flag Operations represent one of the most sophisticated forms of deception in psychological warfare. These operations are designed to conceal the actual source of responsibility for an event while making it appear as though it were carried out by other entities. False flag operations require meticulous planning to create convincing evidence that points to the intended scapegoat while obscuring the true perpetrators. The success of false flag operations depends on understanding the target audience''s existing beliefs, biases, and information sources. Effective false flag operations often involve multiple layers of deception, including planted evidence, controlled leaks, and coordinated media campaigns. The psychological impact of false flag operations can be profound, as they can fundamentally alter target audiences'' perceptions of reality and trigger cascading effects in political, social, and military domains.","themes":["False Flag","Deception","Attribution"],"linksTo":["content-002","content-007","content-021"],"metadata":{"classification":"TACTIC: DECEPTION","date":"MMXXIV.04","vector":"NARRATIVE_CONTROL","anchors":["Attribution","Evidence Planting","Media Campaigns"],"tier":3,"recordHash":"FFO014","isHighSignal":true}}', 3, 75),
('content-015', 'mod-reflection', 62, 'THE GULAG SYSTEM ANALYSIS', 'Comprehensive examination of how systematic psychological destruction was institutionalized.', 'GSA015', '{"content":"The Gulag System Analysis reveals how the Soviet Union institutionalized systematic psychological destruction as a tool of political control. The gulag system was not merely a network of labor camps but a sophisticated apparatus for breaking individual will and creating compliant subjects. Psychological techniques included isolation, forced labor, starvation, and the systematic destruction of personal identity. The system demonstrated how prolonged psychological pressure, when applied systematically, can break even the strongest individuals. However, the analysis also reveals instances of remarkable psychological resilience and resistance, providing valuable insights into the factors that enable individuals to maintain their integrity under extreme conditions. The gulag system serves as a stark reminder of the potential for institutionalized psychological warfare and the importance of developing resistance strategies.","themes":["Gulag","Systematic Oppression","Psychological Destruction"],"linksTo":["content-004","content-008","content-019"],"metadata":{"classification":"CASE: SYSTEMATIC","date":"MMXXIV.05","vector":"SYSTEMIC_VIOLENCE","anchors":["Psychological Destruction","Systematic Pressure","Identity Destruction"],"tier":3,"recordHash":"GSA015","isHighSignal":true}}', 3, 75),
('content-016', 'mod-endgame', 63, 'INFORMATION DOMINANCE STRATEGIES', 'Comprehensive approaches to controlling the information environment to achieve strategic objectives.', 'IDS016', '{"content":"Information Dominance Strategies represent the systematic effort to control the flow, content, and interpretation of information within a given environment. This approach recognizes that in modern conflict, controlling the narrative is often more important than controlling territory. Information dominance involves multiple components, including controlling information sources, shaping public discourse, and manipulating the timing and framing of information release. Effective information dominance requires understanding the target audience''s information consumption patterns, cultural context, and decision-making processes. The goal is to create an information environment where one''s own narrative becomes the default interpretation of events, making alternative perspectives seem implausible or irrelevant. This requires sustained effort across multiple channels and the ability to adapt strategies based on real-time feedback.","themes":["Information Dominance","Strategic Control","Narrative Shaping"],"linksTo":["content-003","content-009","content-022"],"metadata":{"classification":"STRATEGY: INFORMATION","date":"MMXXIV.05","vector":"NARRATIVE_CONTROL","anchors":["Narrative Control","Information Flow","Strategic Framing"],"tier":3,"recordHash":"IDS016","isHighSignal":true}}', 3, 75),
('content-017', 'mod-doctrine', 64, 'STRATEGIC DECEPTION FRAMEWORK', 'Comprehensive framework for implementing deception at the strategic level.', 'SDF017', '{"content":"Strategic Deception Framework provides the systematic approach to implementing deception operations at the highest levels of conflict. This doctrine recognizes that deception is not merely a tactical tool but a strategic imperative that can fundamentally alter the course of conflicts. Effective strategic deception requires understanding the enemy''s decision-making processes, intelligence capabilities, and cultural context. The framework encompasses multiple levels of deception, from operational security measures that conceal true capabilities to elaborate strategic deceptions that mislead about fundamental intentions. Key principles include maintaining consistency across all deception efforts, understanding the timing and sequencing of deception elements, and ensuring that deception operations support broader strategic objectives. The most successful strategic deceptions create cascading effects that influence enemy decisions across multiple domains and timeframes.","themes":["Strategic Deception","Framework","Operational Security"],"linksTo":["content-005","content-011","content-023"],"metadata":{"classification":"FRAMEWORK: STRATEGIC","date":"MMXXIV.06","vector":"NARRATIVE_CONTROL","anchors":["Strategic Level","Decision-Making","Cascading Effects"],"tier":3,"recordHash":"SDF017","isHighSignal":true}}', 3, 75),
('content-018', 'mod-doctrine', 65, 'PSYCHOLOGICAL OPERATIONS INTELLIGENCE', 'Integration of intelligence gathering with psychological operations for maximum effectiveness.', 'POI018', '{"content":"Psychological Operations Intelligence represents the systematic integration of intelligence gathering with psychological operations to achieve maximum effectiveness. This doctrine emphasizes that successful psychological operations require deep understanding of the target audience''s psychology, culture, values, and decision-making processes. Intelligence gathering for psychological operations goes beyond traditional military intelligence to include cultural analysis, social network mapping, and psychological profiling. The goal is to identify the most effective messages, messengers, and channels for influencing target behavior. This requires continuous intelligence collection and analysis to adapt psychological operations based on real-time feedback and changing circumstances. The integration of intelligence and psychological operations creates a feedback loop where intelligence informs operations, and operational results generate new intelligence requirements.","themes":["Psychological Operations","Intelligence","Target Analysis"],"linksTo":["content-001","content-012","content-022"],"metadata":{"classification":"INTELLIGENCE: PSYCHOLOGICAL","date":"MMXXIV.03","vector":"HUMINT_RECON","anchors":["Target Analysis","Cultural Understanding","Feedback Loop"],"tier":3,"recordHash":"POI018","isHighSignal":true}}', 3, 75),
('content-019', 'mod-reflection', 66, 'THE TUSKEGEE SYPHILIS STUDY', 'Analysis of how systematic deception was used to exploit vulnerable populations.', 'TSS019', '{"content":"The Tuskegee Syphilis Study represents one of the most egregious examples of systematic deception in medical history. Conducted by the U.S. Public Health Service from 1932 to 1972, the study involved 600 African American men, 399 of whom had syphilis. The participants were deliberately misled about their condition and denied effective treatment, even after penicillin became available. This case study reveals how institutional authority and scientific legitimacy can be weaponized to exploit vulnerable populations. The study demonstrates the importance of informed consent, the dangers of unchecked institutional power, and the long-term psychological and social consequences of systematic deception. The Tuskegee study serves as a critical lesson in the ethical boundaries that must constrain all forms of psychological operations, particularly those involving vulnerable populations.","themes":["Medical Ethics","Systematic Deception","Vulnerable Populations"],"linksTo":["content-004","content-008","content-015"],"metadata":{"classification":"CASE: MEDICAL","date":"MMXXIV.04","vector":"SYSTEMIC_VIOLENCE","anchors":["Informed Consent","Vulnerable Populations","Institutional Power"],"tier":3,"recordHash":"TSS019","isHighSignal":true}}', 3, 75),
('content-020', 'mod-reflection', 67, 'SOCIAL IDENTITY MANIPULATION', 'Theoretical framework for understanding and manipulating group identity for strategic purposes.', 'SIM020', '{"content":"Social Identity Manipulation theory examines how group identities can be systematically manipulated to achieve strategic objectives. This theory recognizes that individuals derive significant portions of their self-concept from their membership in social groups, making group identity a powerful tool for influence. Manipulation techniques include creating artificial group boundaries, emphasizing perceived threats from out-groups, and promoting specific group narratives that serve the manipulator''s objectives. The theory also examines how social identity can be used to override individual moral constraints, as individuals are more likely to engage in harmful behavior when acting as members of a group rather than as individuals. Understanding social identity manipulation is crucial for both implementing effective influence operations and developing resistance to them.","themes":["Social Identity","Manipulation","Group Cohesion"],"linksTo":["content-006","content-010","content-013"],"metadata":{"classification":"THEORY: IDENTITY","date":"MMXXIV.02","vector":"COGNITIVE_WARFARE","anchors":["Group Boundaries","Out-Group Threats","Collective Action"],"tier":2,"recordHash":"SIM020"}}', 2, 60),
('content-021', 'mod-endgame', 68, 'CULTURAL INFLUENCE OPERATIONS', 'Long-term strategies for influencing target cultures to align with strategic objectives.', 'CIO021', '{"content":"Cultural Influence Operations represent long-term strategies for shaping target cultures to align with strategic objectives. Unlike immediate psychological operations, cultural influence operates over extended timeframes, gradually shifting cultural norms, values, and beliefs. These operations leverage cultural institutions, educational systems, media, and artistic expression to create favorable predispositions toward the influencer''s objectives. Key techniques include promoting specific cultural narratives, supporting compatible cultural movements, and infiltrating cultural institutions. The most effective cultural influence operations are subtle and appear organic, making it difficult for target populations to recognize external influence. Success requires deep understanding of the target culture''s history, values, and social dynamics, as well as patience to achieve results over multiple generations.","themes":["Cultural Influence","Soft Power","Long-term Manipulation"],"linksTo":["content-002","content-007","content-014"],"metadata":{"classification":"OPERATION: CULTURAL","date":"MMXXIV.05","vector":"NARRATIVE_CONTROL","anchors":["Cultural Norms","Long-term Strategy","Soft Power"],"tier":3,"recordHash":"CIO021","isHighSignal":true}}', 3, 75),
('content-022', 'mod-endgame', 69, 'ECONOMIC PSYCHOLOGICAL WARFARE', 'Integration of economic strategies with psychological operations for maximum strategic impact.', 'EPW022', '{"content":"Economic Psychological Warfare represents the systematic integration of economic strategies with psychological operations to achieve maximum strategic impact. This approach recognizes that economic conditions have profound psychological effects on populations, making economic tools powerful instruments of psychological influence. Techniques include economic sanctions designed to create psychological pressure, manipulation of currency and markets to undermine confidence, and strategic distribution of resources to create dependency and loyalty. Economic psychological warfare also involves controlling access to essential goods and services as a means of influencing behavior and attitudes. The psychological impact of economic measures can be more effective than military force in achieving strategic objectives, as economic hardship affects entire populations and can fundamentally alter their worldview and priorities.","themes":["Economic Warfare","Psychological Impact","Resource Control"],"linksTo":["content-003","content-009","content-016","content-018"],"metadata":{"classification":"WARFARE: ECONOMIC","date":"MMXXIV.05","vector":"SYSTEMIC_VIOLENCE","anchors":["Economic Pressure","Resource Control","Population Impact"],"tier":3,"recordHash":"EPW022","isHighSignal":true}}', 3, 75),
('content-023', 'mod-doctrine', 70, 'COMPREHENSIVE INFLUENCE STRATEGY', 'Holistic approach integrating all forms of influence operations for maximum strategic effect.', 'CIS023', '{"content":"Comprehensive Influence Strategy represents the holistic integration of all forms of influence operations—psychological, informational, economic, and cultural—into a unified approach for achieving strategic objectives. This doctrine recognizes that in modern conflict, success requires coordinated action across multiple domains and timeframes. The comprehensive approach ensures that all influence operations support and reinforce each other, creating synergistic effects that are greater than the sum of their parts. Key principles include maintaining strategic coherence across all operations, understanding the interdependencies between different forms of influence, and adapting strategies based on real-time feedback from multiple domains. The most effective comprehensive influence strategies operate on multiple levels simultaneously, from immediate tactical objectives to long-term strategic goals, creating a cohesive narrative that guides all actions and communications.","themes":["Comprehensive Strategy","Multi-domain Operations","Integrated Approach"],"linksTo":["content-005","content-011","content-017"],"metadata":{"classification":"STRATEGY: COMPREHENSIVE","date":"MMXXIV.06","vector":"NARRATIVE_CONTROL","anchors":["Multi-domain","Strategic Coherence","Synergistic Effects"],"tier":3,"recordHash":"CIS023","isHighSignal":true}}', 3, 75);

INSERT INTO tactical_references (id, lesson_id, reference_type, title, description) VALUES
('ref-doctrine-aao-0', 'doctrine-aao', 'CASE_STUDY', 'Firewall', 'Anchor for AUTHENTICITY AIN’T OPTIONAL'),
('ref-doctrine-aao-1', 'doctrine-aao', 'CASE_STUDY', 'Honesty', 'Anchor for AUTHENTICITY AIN’T OPTIONAL'),
('ref-doctrine-aao-2', 'doctrine-aao', 'CASE_STUDY', 'Admission', 'Anchor for AUTHENTICITY AIN’T OPTIONAL'),
('ref-doctrine-bwb-0', 'doctrine-bwb', 'CASE_STUDY', 'Actionable', 'Anchor for BUILD WHILE BLEEDING'),
('ref-doctrine-bwb-1', 'doctrine-bwb', 'CASE_STUDY', 'Asset', 'Anchor for BUILD WHILE BLEEDING'),
('ref-doctrine-bwb-2', 'doctrine-bwb', 'CASE_STUDY', 'Intelligence', 'Anchor for BUILD WHILE BLEEDING'),
('ref-doctrine-soul-veto-0', 'doctrine-soul-veto', 'CASE_STUDY', 'Somatic', 'Anchor for THE SOUL’S VETO'),
('ref-doctrine-soul-veto-1', 'doctrine-soul-veto', 'CASE_STUDY', 'Refusal', 'Anchor for THE SOUL’S VETO'),
('ref-doctrine-soul-veto-2', 'doctrine-soul-veto', 'CASE_STUDY', 'Veto', 'Anchor for THE SOUL’S VETO'),
('ref-doctrine-breadcrumb-web-0', 'doctrine-breadcrumb-web', 'CASE_STUDY', 'Inversion', 'Anchor for THE BREADCRUMB WEB (BCW)'),
('ref-doctrine-breadcrumb-web-1', 'doctrine-breadcrumb-web', 'CASE_STUDY', 'Nodes', 'Anchor for THE BREADCRUMB WEB (BCW)'),
('ref-doctrine-breadcrumb-web-2', 'doctrine-breadcrumb-web', 'CASE_STUDY', 'Receipts', 'Anchor for THE BREADCRUMB WEB (BCW)'),
('ref-doctrine-tkm-0', 'doctrine-tkm', 'CASE_STUDY', 'Bait', 'Anchor for TACTICAL KAMIKAZE (TKM)'),
('ref-doctrine-tkm-1', 'doctrine-tkm', 'CASE_STUDY', 'Choreography', 'Anchor for TACTICAL KAMIKAZE (TKM)'),
('ref-doctrine-tkm-2', 'doctrine-tkm', 'CASE_STUDY', 'Exposure', 'Anchor for TACTICAL KAMIKAZE (TKM)'),
('ref-protocol-anvil-0', 'protocol-anvil', 'CASE_STUDY', 'Synthesis', 'Anchor for THE ANVIL PROTOCOL'),
('ref-protocol-anvil-1', 'protocol-anvil', 'CASE_STUDY', 'Blueprint', 'Anchor for THE ANVIL PROTOCOL'),
('ref-protocol-anvil-2', 'protocol-anvil', 'CASE_STUDY', 'Ledger', 'Anchor for THE ANVIL PROTOCOL'),
('ref-protocol-mtfa-0', 'protocol-mtfa', 'CASE_STUDY', 'Convergence', 'Anchor for MULTI-TRAIL FORENSIC APPROACH (MTFA)'),
('ref-protocol-mtfa-1', 'protocol-mtfa', 'CASE_STUDY', 'Trails', 'Anchor for MULTI-TRAIL FORENSIC APPROACH (MTFA)'),
('ref-protocol-mtfa-2', 'protocol-mtfa', 'CASE_STUDY', 'Signature', 'Anchor for MULTI-TRAIL FORENSIC APPROACH (MTFA)'),
('ref-protocol-dms-0', 'protocol-dms', 'CASE_STUDY', 'Switch', 'Anchor for DEAD MAN’S SWITCH (DMS)'),
('ref-protocol-dms-1', 'protocol-dms', 'CASE_STUDY', 'Threshold', 'Anchor for DEAD MAN’S SWITCH (DMS)'),
('ref-protocol-dms-2', 'protocol-dms', 'CASE_STUDY', 'Liability', 'Anchor for DEAD MAN’S SWITCH (DMS)'),
('ref-theory-neuro-sequelae-0', 'theory-neuro-sequelae', 'CASE_STUDY', 'Hippocampus', 'Anchor for NEUROBIOLOGICAL SEQUELAE'),
('ref-theory-neuro-sequelae-1', 'theory-neuro-sequelae', 'CASE_STUDY', 'PFC', 'Anchor for NEUROBIOLOGICAL SEQUELAE'),
('ref-theory-neuro-sequelae-2', 'theory-neuro-sequelae', 'CASE_STUDY', 'Cortisol', 'Anchor for NEUROBIOLOGICAL SEQUELAE'),
('ref-theory-attrition-loop-0', 'theory-attrition-loop', 'CASE_STUDY', 'Loop', 'Anchor for THE ATTRITION LOOP'),
('ref-theory-attrition-loop-1', 'theory-attrition-loop', 'CASE_STUDY', 'Feedback', 'Anchor for THE ATTRITION LOOP'),
('ref-theory-attrition-loop-2', 'theory-attrition-loop', 'CASE_STUDY', 'Fatigue', 'Anchor for THE ATTRITION LOOP'),
('ref-theory-predictive-collapse-0', 'theory-predictive-collapse', 'CASE_STUDY', 'Predictive', 'Anchor for PREDICTIVE SAFETY COLLAPSE'),
('ref-theory-predictive-collapse-1', 'theory-predictive-collapse', 'CASE_STUDY', 'Coding', 'Anchor for PREDICTIVE SAFETY COLLAPSE'),
('ref-theory-predictive-collapse-2', 'theory-predictive-collapse', 'CASE_STUDY', 'Safety', 'Anchor for PREDICTIVE SAFETY COLLAPSE'),
('ref-theory-allostatic-load-0', 'theory-allostatic-load', 'CASE_STUDY', 'Load', 'Anchor for ALLOSTATIC LOAD'),
('ref-theory-allostatic-load-1', 'theory-allostatic-load', 'CASE_STUDY', 'Wear', 'Anchor for ALLOSTATIC LOAD'),
('ref-theory-allostatic-load-2', 'theory-allostatic-load', 'CASE_STUDY', 'Stress', 'Anchor for ALLOSTATIC LOAD'),
('ref-theory-amygdala-hijack-0', 'theory-amygdala-hijack', 'CASE_STUDY', 'Hijack', 'Anchor for AMYGDALA HIJACK'),
('ref-theory-amygdala-hijack-1', 'theory-amygdala-hijack', 'CASE_STUDY', 'Survival', 'Anchor for AMYGDALA HIJACK'),
('ref-theory-amygdala-hijack-2', 'theory-amygdala-hijack', 'CASE_STUDY', 'Impulse', 'Anchor for AMYGDALA HIJACK'),
('ref-theory-learned-helplessness-0', 'theory-learned-helplessness', 'CASE_STUDY', 'Conditioning', 'Anchor for WEAPONIZED LEARNED HELPLESSNESS'),
('ref-theory-learned-helplessness-1', 'theory-learned-helplessness', 'CASE_STUDY', 'Apathy', 'Anchor for WEAPONIZED LEARNED HELPLESSNESS'),
('ref-theory-learned-helplessness-2', 'theory-learned-helplessness', 'CASE_STUDY', 'Surrender', 'Anchor for WEAPONIZED LEARNED HELPLESSNESS'),
('ref-theory-asymmetrical-engagement-0', 'theory-asymmetrical-engagement', 'CASE_STUDY', 'Imbalance', 'Anchor for ASYMMETRICAL ENGAGEMENT'),
('ref-theory-asymmetrical-engagement-1', 'theory-asymmetrical-engagement', 'CASE_STUDY', 'Resource', 'Anchor for ASYMMETRICAL ENGAGEMENT'),
('ref-theory-asymmetrical-engagement-2', 'theory-asymmetrical-engagement', 'CASE_STUDY', 'Domains', 'Anchor for ASYMMETRICAL ENGAGEMENT'),
('ref-tactic-civilian-weaponization-0', 'tactic-civilian-weaponization', 'CASE_STUDY', 'Silent Soldiers', 'Anchor for CIVILIAN WEAPONIZATION'),
('ref-tactic-civilian-weaponization-1', 'tactic-civilian-weaponization', 'CASE_STUDY', 'Baristas', 'Anchor for CIVILIAN WEAPONIZATION'),
('ref-tactic-civilian-weaponization-2', 'tactic-civilian-weaponization', 'CASE_STUDY', 'Smear', 'Anchor for CIVILIAN WEAPONIZATION'),
('ref-tactic-misinformation-seeding-0', 'tactic-misinformation-seeding', 'CASE_STUDY', 'Dusting', 'Anchor for MISINFORMATION SEEDING'),
('ref-tactic-misinformation-seeding-1', 'tactic-misinformation-seeding', 'CASE_STUDY', 'Seeding', 'Anchor for MISINFORMATION SEEDING'),
('ref-tactic-misinformation-seeding-2', 'tactic-misinformation-seeding', 'CASE_STUDY', 'Ambiguity', 'Anchor for MISINFORMATION SEEDING'),
('ref-tactic-behavior-reframing-0', 'tactic-behavior-reframing', 'CASE_STUDY', 'Template', 'Anchor for BEHAVIOR REFRAMING'),
('ref-tactic-behavior-reframing-1', 'tactic-behavior-reframing', 'CASE_STUDY', 'Pattern', 'Anchor for BEHAVIOR REFRAMING'),
('ref-tactic-behavior-reframing-2', 'tactic-behavior-reframing', 'CASE_STUDY', 'Routine', 'Anchor for BEHAVIOR REFRAMING'),
('ref-tactic-weaponized-authenticity-0', 'tactic-weaponized-authenticity', 'CASE_STUDY', 'Extraction', 'Anchor for WEAPONIZED AUTHENTICITY'),
('ref-tactic-weaponized-authenticity-1', 'tactic-weaponized-authenticity', 'CASE_STUDY', 'Reframing', 'Anchor for WEAPONIZED AUTHENTICITY'),
('ref-tactic-weaponized-authenticity-2', 'tactic-weaponized-authenticity', 'CASE_STUDY', 'Honesty', 'Anchor for WEAPONIZED AUTHENTICITY'),
('ref-tactic-engineered-outrage-0', 'tactic-engineered-outrage', 'CASE_STUDY', 'Provocation', 'Anchor for ENGINEERED OUTRAGE (SBR)'),
('ref-tactic-engineered-outrage-1', 'tactic-engineered-outrage', 'CASE_STUDY', 'Outburst', 'Anchor for ENGINEERED OUTRAGE (SBR)'),
('ref-tactic-engineered-outrage-2', 'tactic-engineered-outrage', 'CASE_STUDY', 'Spectacle', 'Anchor for ENGINEERED OUTRAGE (SBR)'),
('ref-tactic-blame-cascade-0', 'tactic-blame-cascade', 'CASE_STUDY', 'No-win', 'Anchor for THE BLAME CASCADE'),
('ref-tactic-blame-cascade-1', 'tactic-blame-cascade', 'CASE_STUDY', 'Cascade', 'Anchor for THE BLAME CASCADE'),
('ref-tactic-blame-cascade-2', 'tactic-blame-cascade', 'CASE_STUDY', 'Trap', 'Anchor for THE BLAME CASCADE'),
('ref-tactic-proximal-impersonation-0', 'tactic-proximal-impersonation', 'CASE_STUDY', 'Doppelganger', 'Anchor for PROXIMAL IMPERSONATION'),
('ref-tactic-proximal-impersonation-1', 'tactic-proximal-impersonation', 'CASE_STUDY', 'Mirroring', 'Anchor for PROXIMAL IMPERSONATION'),
('ref-tactic-proximal-impersonation-2', 'tactic-proximal-impersonation', 'CASE_STUDY', 'Identity', 'Anchor for PROXIMAL IMPERSONATION'),
('ref-tactic-legitimacy-proxy-0', 'tactic-legitimacy-proxy', 'CASE_STUDY', 'Police', 'Anchor for LEGITIMACY BY PROXY'),
('ref-tactic-legitimacy-proxy-1', 'tactic-legitimacy-proxy', 'CASE_STUDY', 'Welfare', 'Anchor for LEGITIMACY BY PROXY'),
('ref-tactic-legitimacy-proxy-2', 'tactic-legitimacy-proxy', 'CASE_STUDY', 'Presence', 'Anchor for LEGITIMACY BY PROXY'),
('ref-tactic-acoustic-containment-0', 'tactic-acoustic-containment', 'CASE_STUDY', 'Noise', 'Anchor for ACOUSTIC CONTAINMENT'),
('ref-tactic-acoustic-containment-1', 'tactic-acoustic-containment', 'CASE_STUDY', 'Chatter', 'Anchor for ACOUSTIC CONTAINMENT'),
('ref-tactic-acoustic-containment-2', 'tactic-acoustic-containment', 'CASE_STUDY', 'SNR', 'Anchor for ACOUSTIC CONTAINMENT'),
('ref-tactic-mental-health-gaslighting-0', 'tactic-mental-health-gaslighting', 'CASE_STUDY', 'Diagnosis', 'Anchor for MENTION: MEDICAL GASLIGHTING'),
('ref-tactic-mental-health-gaslighting-1', 'tactic-mental-health-gaslighting', 'CASE_STUDY', 'Pathology', 'Anchor for MENTION: MEDICAL GASLIGHTING'),
('ref-tactic-mental-health-gaslighting-2', 'tactic-mental-health-gaslighting', 'CASE_STUDY', 'Invalidation', 'Anchor for MENTION: MEDICAL GASLIGHTING'),
('ref-tactic-folk-devil-0', 'tactic-folk-devil', 'CASE_STUDY', 'Scapegoat', 'Anchor for FOLK DEVIL CONSTRUCTION'),
('ref-tactic-folk-devil-1', 'tactic-folk-devil', 'CASE_STUDY', 'Outrage', 'Anchor for FOLK DEVIL CONSTRUCTION'),
('ref-tactic-folk-devil-2', 'tactic-folk-devil', 'CASE_STUDY', 'Stereotype', 'Anchor for FOLK DEVIL CONSTRUCTION'),
('ref-profile-ryan-0', 'profile-ryan', 'CASE_STUDY', 'Cage', 'Anchor for RYAN: THE ARCHITECT'),
('ref-profile-ryan-1', 'profile-ryan', 'CASE_STUDY', 'Tutoring', 'Anchor for RYAN: THE ARCHITECT'),
('ref-profile-ryan-2', 'profile-ryan', 'CASE_STUDY', 'Synapse', 'Anchor for RYAN: THE ARCHITECT'),
('ref-profile-lacey-0', 'profile-lacey', 'CASE_STUDY', 'CPS', 'Anchor for LACEY: THE CATALYST'),
('ref-profile-lacey-1', 'profile-lacey', 'CASE_STUDY', 'Pregnancy', 'Anchor for LACEY: THE CATALYST'),
('ref-profile-lacey-2', 'profile-lacey', 'CASE_STUDY', 'San Jose', 'Anchor for LACEY: THE CATALYST'),
('ref-profile-mastermind-0', 'profile-mastermind', 'CASE_STUDY', 'Sorceress', 'Anchor for [REDACTED]: THE MASTERMIND'),
('ref-profile-mastermind-1', 'profile-mastermind', 'CASE_STUDY', 'Chaos', 'Anchor for [REDACTED]: THE MASTERMIND'),
('ref-profile-mastermind-2', 'profile-mastermind', 'CASE_STUDY', 'Plots', 'Anchor for [REDACTED]: THE MASTERMIND'),
('ref-profile-trauma-twin-0', 'profile-trauma-twin', 'CASE_STUDY', 'Trauma Twin', 'Anchor for [REDACTED]: THE TRAUMA TWIN'),
('ref-profile-trauma-twin-1', 'profile-trauma-twin', 'CASE_STUDY', 'Plug', 'Anchor for [REDACTED]: THE TRAUMA TWIN'),
('ref-profile-trauma-twin-2', 'profile-trauma-twin', 'CASE_STUDY', 'Bulldozed', 'Anchor for [REDACTED]: THE TRAUMA TWIN'),
('ref-profile-jax-0', 'profile-jax', 'CASE_STUDY', 'Hair', 'Anchor for JAX: THE LEGACY'),
('ref-profile-jax-1', 'profile-jax', 'CASE_STUDY', 'Ladies', 'Anchor for JAX: THE LEGACY'),
('ref-profile-jax-2', 'profile-jax', 'CASE_STUDY', 'Toddler', 'Anchor for JAX: THE LEGACY'),
('ref-profile-nice-handler-0', 'profile-nice-handler', 'CASE_STUDY', 'Samsung', 'Anchor for [REDACTED]: THE NICE HANDLER'),
('ref-profile-nice-handler-1', 'profile-nice-handler', 'CASE_STUDY', 'Motorola', 'Anchor for [REDACTED]: THE NICE HANDLER'),
('ref-profile-nice-handler-2', 'profile-nice-handler', 'CASE_STUDY', 'Rapport', 'Anchor for [REDACTED]: THE NICE HANDLER'),
('ref-case-alaintha-0', 'case-alaintha', 'CASE_STUDY', 'DARVO', 'Anchor for RECORD: THE ALAINTHA INCIDENT'),
('ref-case-alaintha-1', 'case-alaintha', 'CASE_STUDY', 'Setup', 'Anchor for RECORD: THE ALAINTHA INCIDENT'),
('ref-case-alaintha-2', 'case-alaintha', 'CASE_STUDY', 'Reversal', 'Anchor for RECORD: THE ALAINTHA INCIDENT'),
('ref-case-circle-k-0', 'case-circle-k', 'CASE_STUDY', 'Gut', 'Anchor for RECORD: THE CIRCLE K INCIDENT'),
('ref-case-circle-k-1', 'case-circle-k', 'CASE_STUDY', 'Premonition', 'Anchor for RECORD: THE CIRCLE K INCIDENT'),
('ref-case-circle-k-2', 'case-circle-k', 'CASE_STUDY', 'Circle K', 'Anchor for RECORD: THE CIRCLE K INCIDENT'),
('ref-case-debit-card-0', 'case-debit-card', 'CASE_STUDY', 'Favor', 'Anchor for RECORD: THE DEBIT-CARD TEST'),
('ref-case-debit-card-1', 'case-debit-card', 'CASE_STUDY', 'Suspicion', 'Anchor for RECORD: THE DEBIT-CARD TEST'),
('ref-case-debit-card-2', 'case-debit-card', 'CASE_STUDY', 'Honesty', 'Anchor for RECORD: THE DEBIT-CARD TEST'),
('ref-case-lacey-ultimatum-0', 'case-lacey-ultimatum', 'CASE_STUDY', 'Ultimatum', 'Anchor for RECORD: THE ULTIMATUM'),
('ref-case-lacey-ultimatum-1', 'case-lacey-ultimatum', 'CASE_STUDY', 'Keys', 'Anchor for RECORD: THE ULTIMATUM'),
('ref-case-lacey-ultimatum-2', 'case-lacey-ultimatum', 'CASE_STUDY', 'Flat Voice', 'Anchor for RECORD: THE ULTIMATUM'),
('ref-case-hospital-nurse-0', 'case-hospital-nurse', 'CASE_STUDY', 'Nurse', 'Anchor for RECORD: THE HOSPITAL INCIDENT'),
('ref-case-hospital-nurse-1', 'case-hospital-nurse', 'CASE_STUDY', 'Psychiatric', 'Anchor for RECORD: THE HOSPITAL INCIDENT'),
('ref-case-hospital-nurse-2', 'case-hospital-nurse', 'CASE_STUDY', 'Trigger', 'Anchor for RECORD: THE HOSPITAL INCIDENT'),
('ref-case-river-bottom-0', 'case-river-bottom', 'CASE_STUDY', 'River Bottom', 'Anchor for RECORD: THE RIVER BOTTOM'),
('ref-case-river-bottom-1', 'case-river-bottom', 'CASE_STUDY', 'Jungle', 'Anchor for RECORD: THE RIVER BOTTOM'),
('ref-case-river-bottom-2', 'case-river-bottom', 'CASE_STUDY', 'Danger', 'Anchor for RECORD: THE RIVER BOTTOM'),
('ref-case-shopping-cart-0', 'case-shopping-cart', 'CASE_STUDY', 'Groceries', 'Anchor for RECORD: THE SHOPPING CART REFUSAL'),
('ref-case-shopping-cart-1', 'case-shopping-cart', 'CASE_STUDY', 'Homies', 'Anchor for RECORD: THE SHOPPING CART REFUSAL'),
('ref-case-shopping-cart-2', 'case-shopping-cart', 'CASE_STUDY', 'Refusal', 'Anchor for RECORD: THE SHOPPING CART REFUSAL'),
('ref-protocol-tactical-pause-0', 'protocol-tactical-pause', 'CASE_STUDY', 'Stop', 'Anchor for PROTOCOL: THE TACTICAL PAUSE'),
('ref-protocol-tactical-pause-1', 'protocol-tactical-pause', 'CASE_STUDY', 'Breathe', 'Anchor for PROTOCOL: THE TACTICAL PAUSE'),
('ref-protocol-tactical-pause-2', 'protocol-tactical-pause', 'CASE_STUDY', 'Focus', 'Anchor for PROTOCOL: THE TACTICAL PAUSE'),
('ref-protocol-psychological-pivot-0', 'protocol-psychological-pivot', 'CASE_STUDY', 'Pivot', 'Anchor for PROTOCOL: THE PSYCHOLOGICAL PIVOT'),
('ref-protocol-psychological-pivot-1', 'protocol-psychological-pivot', 'CASE_STUDY', 'Crazy', 'Anchor for PROTOCOL: THE PSYCHOLOGICAL PIVOT'),
('ref-protocol-psychological-pivot-2', 'protocol-psychological-pivot', 'CASE_STUDY', 'Blueprints', 'Anchor for PROTOCOL: THE PSYCHOLOGICAL PIVOT'),
('ref-protocol-content-as-record-0', 'protocol-content-as-record', 'CASE_STUDY', 'Alibi', 'Anchor for PROTOCOL: CONTENT AS RECORD'),
('ref-protocol-content-as-record-1', 'protocol-content-as-record', 'CASE_STUDY', 'Record', 'Anchor for PROTOCOL: CONTENT AS RECORD'),
('ref-protocol-content-as-record-2', 'protocol-content-as-record', 'CASE_STUDY', 'Proof', 'Anchor for PROTOCOL: CONTENT AS RECORD'),
('ref-song-sweet-evilness-0', 'song-sweet-evilness', 'CASE_STUDY', 'Sorceress', 'Anchor for SWEET EVILNESS'),
('ref-song-sweet-evilness-1', 'song-sweet-evilness', 'CASE_STUDY', 'Spell', 'Anchor for SWEET EVILNESS'),
('ref-song-sweet-evilness-2', 'song-sweet-evilness', 'CASE_STUDY', 'Arsenal', 'Anchor for SWEET EVILNESS'),
('ref-song-speak-me-ready-0', 'song-speak-me-ready', 'CASE_STUDY', 'Manifest', 'Anchor for SPEAK ME READY'),
('ref-song-speak-me-ready-1', 'song-speak-me-ready', 'CASE_STUDY', 'Magic', 'Anchor for SPEAK ME READY'),
('ref-song-speak-me-ready-2', 'song-speak-me-ready', 'CASE_STUDY', 'Spell', 'Anchor for SPEAK ME READY'),
('ref-song-musicbox-0', 'song-musicbox', 'CASE_STUDY', 'Music Box', 'Anchor for [REDACTED]’S MUSIC BOX'),
('ref-song-musicbox-1', 'song-musicbox', 'CASE_STUDY', 'Rhythm', 'Anchor for [REDACTED]’S MUSIC BOX'),
('ref-song-musicbox-2', 'song-musicbox', 'CASE_STUDY', 'Weaving', 'Anchor for [REDACTED]’S MUSIC BOX'),
('ref-song-100-proof-0', 'song-100-proof', 'CASE_STUDY', 'Uncut', 'Anchor for 100 PROOF'),
('ref-song-100-proof-1', 'song-100-proof', 'CASE_STUDY', 'Vein', 'Anchor for 100 PROOF'),
('ref-song-100-proof-2', 'song-100-proof', 'CASE_STUDY', 'BWB', 'Anchor for 100 PROOF'),
('ref-song-what-if-0', 'song-what-if', 'CASE_STUDY', 'Genesis', 'Anchor for WHAT IF GENESIS'),
('ref-song-what-if-1', 'song-what-if', 'CASE_STUDY', 'Dream', 'Anchor for WHAT IF GENESIS'),
('ref-song-what-if-2', 'song-what-if', 'CASE_STUDY', 'Persona', 'Anchor for WHAT IF GENESIS'),
('ref-content-001-0', 'content-001', 'CASE_STUDY', 'OPSEC', 'Anchor for OPERATIONAL SECURITY PROTOCOLS'),
('ref-content-001-1', 'content-001', 'CASE_STUDY', 'Compartmentalization', 'Anchor for OPERATIONAL SECURITY PROTOCOLS'),
('ref-content-001-2', 'content-001', 'CASE_STUDY', 'Information Control', 'Anchor for OPERATIONAL SECURITY PROTOCOLS'),
('ref-content-002-0', 'content-002', 'CASE_STUDY', 'Dissonance', 'Anchor for COGNITIVE DISSONANCE ENGINEERING'),
('ref-content-002-1', 'content-002', 'CASE_STUDY', 'Belief Systems', 'Anchor for COGNITIVE DISSONANCE ENGINEERING'),
('ref-content-002-2', 'content-002', 'CASE_STUDY', 'Psychological Impact', 'Anchor for COGNITIVE DISSONANCE ENGINEERING'),
('ref-content-003-0', 'content-003', 'CASE_STUDY', 'Pretexting', 'Anchor for SOCIAL ENGINEERING DEPLOYMENT'),
('ref-content-003-1', 'content-003', 'CASE_STUDY', 'Baiting', 'Anchor for SOCIAL ENGINEERING DEPLOYMENT'),
('ref-content-003-2', 'content-003', 'CASE_STUDY', 'Phishing', 'Anchor for SOCIAL ENGINEERING DEPLOYMENT'),
('ref-content-004-0', 'content-004', 'CASE_STUDY', 'Authority', 'Anchor for THE STANFORD PRISON EXPERIMENT ANALYSIS'),
('ref-content-004-1', 'content-004', 'CASE_STUDY', 'Submission', 'Anchor for THE STANFORD PRISON EXPERIMENT ANALYSIS'),
('ref-content-004-2', 'content-004', 'CASE_STUDY', 'Institutional Pressure', 'Anchor for THE STANFORD PRISON EXPERIMENT ANALYSIS'),
('ref-content-005-0', 'content-005', 'CASE_STUDY', 'Information Environment', 'Anchor for INFORMATION WARFARE STRATEGY'),
('ref-content-005-1', 'content-005', 'CASE_STUDY', 'Strategic Communication', 'Anchor for INFORMATION WARFARE STRATEGY'),
('ref-content-005-2', 'content-005', 'CASE_STUDY', 'Cyber Operations', 'Anchor for INFORMATION WARFARE STRATEGY'),
('ref-content-006-0', 'content-006', 'CASE_STUDY', 'Pavlov', 'Anchor for BEHAVIORAL CONDITIONING PRINCIPLES'),
('ref-content-006-1', 'content-006', 'CASE_STUDY', 'Skinner', 'Anchor for BEHAVIORAL CONDITIONING PRINCIPLES'),
('ref-content-006-2', 'content-006', 'CASE_STUDY', 'Reinforcement', 'Anchor for BEHAVIORAL CONDITIONING PRINCIPLES'),
('ref-content-007-0', 'content-007', 'CASE_STUDY', 'Big Lie', 'Anchor for PROPAGANDA DISSEMINATION METHODS'),
('ref-content-007-1', 'content-007', 'CASE_STUDY', 'Emotional Appeals', 'Anchor for PROPAGANDA DISSEMINATION METHODS'),
('ref-content-007-2', 'content-007', 'CASE_STUDY', 'Multi-Channel', 'Anchor for PROPAGANDA DISSEMINATION METHODS'),
('ref-content-008-0', 'content-008', 'CASE_STUDY', 'Authority Pressure', 'Anchor for THE MILGRAM OBEDIENCE EXPERIMENTS'),
('ref-content-008-1', 'content-008', 'CASE_STUDY', 'Moral Conflict', 'Anchor for THE MILGRAM OBEDIENCE EXPERIMENTS'),
('ref-content-008-2', 'content-008', 'CASE_STUDY', 'Hierarchical Structures', 'Anchor for THE MILGRAM OBEDIENCE EXPERIMENTS'),
('ref-content-009-0', 'content-009', 'CASE_STUDY', 'Digital Environment', 'Anchor for CYBER PSYCHOLOGICAL OPERATIONS'),
('ref-content-009-1', 'content-009', 'CASE_STUDY', 'AI Propaganda', 'Anchor for CYBER PSYCHOLOGICAL OPERATIONS'),
('ref-content-009-2', 'content-009', 'CASE_STUDY', 'Social Media', 'Anchor for CYBER PSYCHOLOGICAL OPERATIONS'),
('ref-content-010-0', 'content-010', 'CASE_STUDY', 'Asch Experiments', 'Anchor for GROUP DYNAMICS AND CONFORMITY'),
('ref-content-010-1', 'content-010', 'CASE_STUDY', 'Group Consensus', 'Anchor for GROUP DYNAMICS AND CONFORMITY'),
('ref-content-010-2', 'content-010', 'CASE_STUDY', 'Social Influence', 'Anchor for GROUP DYNAMICS AND CONFORMITY'),
('ref-content-011-0', 'content-011', 'CASE_STUDY', 'Critical Thinking', 'Anchor for PSYCHOLOGICAL RESILIENCE TRAINING'),
('ref-content-011-1', 'content-011', 'CASE_STUDY', 'Emotional Regulation', 'Anchor for PSYCHOLOGICAL RESILIENCE TRAINING'),
('ref-content-011-2', 'content-011', 'CASE_STUDY', 'Manipulation Awareness', 'Anchor for PSYCHOLOGICAL RESILIENCE TRAINING'),
('ref-content-012-0', 'content-012', 'CASE_STUDY', 'Deception', 'Anchor for COUNTERINTELLIGENCE OPERATIONS'),
('ref-content-012-1', 'content-012', 'CASE_STUDY', 'Double Agents', 'Anchor for COUNTERINTELLIGENCE OPERATIONS'),
('ref-content-012-2', 'content-012', 'CASE_STUDY', 'Operational Security', 'Anchor for COUNTERINTELLIGENCE OPERATIONS'),
('ref-content-013-0', 'content-013', 'CASE_STUDY', 'Confirmation Bias', 'Anchor for COGNITIVE BIASES EXPLOITATION'),
('ref-content-013-1', 'content-013', 'CASE_STUDY', 'Availability Heuristic', 'Anchor for COGNITIVE BIASES EXPLOITATION'),
('ref-content-013-2', 'content-013', 'CASE_STUDY', 'Anchoring Effects', 'Anchor for COGNITIVE BIASES EXPLOITATION'),
('ref-content-014-0', 'content-014', 'CASE_STUDY', 'Attribution', 'Anchor for FALSE FLAG OPERATIONS'),
('ref-content-014-1', 'content-014', 'CASE_STUDY', 'Evidence Planting', 'Anchor for FALSE FLAG OPERATIONS'),
('ref-content-014-2', 'content-014', 'CASE_STUDY', 'Media Campaigns', 'Anchor for FALSE FLAG OPERATIONS'),
('ref-content-015-0', 'content-015', 'CASE_STUDY', 'Psychological Destruction', 'Anchor for THE GULAG SYSTEM ANALYSIS'),
('ref-content-015-1', 'content-015', 'CASE_STUDY', 'Systematic Pressure', 'Anchor for THE GULAG SYSTEM ANALYSIS'),
('ref-content-015-2', 'content-015', 'CASE_STUDY', 'Identity Destruction', 'Anchor for THE GULAG SYSTEM ANALYSIS'),
('ref-content-016-0', 'content-016', 'CASE_STUDY', 'Narrative Control', 'Anchor for INFORMATION DOMINANCE STRATEGIES'),
('ref-content-016-1', 'content-016', 'CASE_STUDY', 'Information Flow', 'Anchor for INFORMATION DOMINANCE STRATEGIES'),
('ref-content-016-2', 'content-016', 'CASE_STUDY', 'Strategic Framing', 'Anchor for INFORMATION DOMINANCE STRATEGIES'),
('ref-content-017-0', 'content-017', 'CASE_STUDY', 'Strategic Level', 'Anchor for STRATEGIC DECEPTION FRAMEWORK'),
('ref-content-017-1', 'content-017', 'CASE_STUDY', 'Decision-Making', 'Anchor for STRATEGIC DECEPTION FRAMEWORK'),
('ref-content-017-2', 'content-017', 'CASE_STUDY', 'Cascading Effects', 'Anchor for STRATEGIC DECEPTION FRAMEWORK'),
('ref-content-018-0', 'content-018', 'CASE_STUDY', 'Target Analysis', 'Anchor for PSYCHOLOGICAL OPERATIONS INTELLIGENCE'),
('ref-content-018-1', 'content-018', 'CASE_STUDY', 'Cultural Understanding', 'Anchor for PSYCHOLOGICAL OPERATIONS INTELLIGENCE'),
('ref-content-018-2', 'content-018', 'CASE_STUDY', 'Feedback Loop', 'Anchor for PSYCHOLOGICAL OPERATIONS INTELLIGENCE'),
('ref-content-019-0', 'content-019', 'CASE_STUDY', 'Informed Consent', 'Anchor for THE TUSKEGEE SYPHILIS STUDY'),
('ref-content-019-1', 'content-019', 'CASE_STUDY', 'Vulnerable Populations', 'Anchor for THE TUSKEGEE SYPHILIS STUDY'),
('ref-content-019-2', 'content-019', 'CASE_STUDY', 'Institutional Power', 'Anchor for THE TUSKEGEE SYPHILIS STUDY'),
('ref-content-020-0', 'content-020', 'CASE_STUDY', 'Group Boundaries', 'Anchor for SOCIAL IDENTITY MANIPULATION'),
('ref-content-020-1', 'content-020', 'CASE_STUDY', 'Out-Group Threats', 'Anchor for SOCIAL IDENTITY MANIPULATION'),
('ref-content-020-2', 'content-020', 'CASE_STUDY', 'Collective Action', 'Anchor for SOCIAL IDENTITY MANIPULATION'),
('ref-content-021-0', 'content-021', 'CASE_STUDY', 'Cultural Norms', 'Anchor for CULTURAL INFLUENCE OPERATIONS'),
('ref-content-021-1', 'content-021', 'CASE_STUDY', 'Long-term Strategy', 'Anchor for CULTURAL INFLUENCE OPERATIONS'),
('ref-content-021-2', 'content-021', 'CASE_STUDY', 'Soft Power', 'Anchor for CULTURAL INFLUENCE OPERATIONS'),
('ref-content-022-0', 'content-022', 'CASE_STUDY', 'Economic Pressure', 'Anchor for ECONOMIC PSYCHOLOGICAL WARFARE'),
('ref-content-022-1', 'content-022', 'CASE_STUDY', 'Resource Control', 'Anchor for ECONOMIC PSYCHOLOGICAL WARFARE'),
('ref-content-022-2', 'content-022', 'CASE_STUDY', 'Population Impact', 'Anchor for ECONOMIC PSYCHOLOGICAL WARFARE'),
('ref-content-023-0', 'content-023', 'CASE_STUDY', 'Multi-domain', 'Anchor for COMPREHENSIVE INFLUENCE STRATEGY'),
('ref-content-023-1', 'content-023', 'CASE_STUDY', 'Strategic Coherence', 'Anchor for COMPREHENSIVE INFLUENCE STRATEGY'),
('ref-content-023-2', 'content-023', 'CASE_STUDY', 'Synergistic Effects', 'Anchor for COMPREHENSIVE INFLUENCE STRATEGY');
